DATETIME,PRICE,FORWARD,CARRY,PRICE_CONTRACT,FORWARD_CONTRACT,CARRY_CONTRACT
2018-09-11 05:00:00,1016,1016,1016,20181200,20190300,20190300
2018-09-12 05:00:00,999,998,998,20181200,20190300,20190300
2018-09-13 05:00:00,998,998,998,20181200,20190300,20190300
2018-09-14 05:00:00,1017,1017,1017,20181200,20190300,20190300
2018-09-18 05:00:00,1025,1025,1025,20181200,20190300,20190300
2018-09-19 05:00:00,1029,1029,1029,20181200,20190300,20190300
2018-09-20 05:00:00,1025,1025,1025,20181200,20190300,20190300
2018-09-21 05:00:00,1039,1039,1039,20181200,20190300,20190300
2018-09-25 05:00:00,1048,1047,1047,20181200,20190300,20190300
2018-09-26 05:00:00,1071,1071,1071,20181200,20190300,20190300
2018-09-27 05:00:00,1067,1067,1067,20181200,20190300,20190300
2018-09-28 05:00:00,1078,1078,1078,20181200,20190300,20190300
2018-10-01 05:00:00,1075,1075,1075,20181200,20190300,20190300
2018-10-02 05:00:00,1054,1053,1053,20181200,20190300,20190300
2018-10-03 05:00:00,1054,1054,1054,20181200,20190300,20190300
2018-10-04 05:00:00,1045,1045,1045,20181200,20190300,20190300
2018-10-05 05:00:00,1022,1022,1022,20181200,20190300,20190300
2018-10-09 05:00:00,1000,1000,1000,20181200,20190300,20190300
2018-10-10 05:00:00,1001,1001,1001,20181200,20190300,20190300
2018-10-11 05:00:00,953,953,953,20181200,20190300,20190300
2018-10-12 05:00:00,988,988,988,20181200,20190300,20190300
2018-10-15 05:00:00,971,971,971,20181200,20190300,20190300
2018-10-16 05:00:00,972,972,972,20181200,20190300,20190300
2018-10-17 05:00:00,993,992,992,20181200,20190300,20190300
2018-10-18 05:00:00,988,988,988,20181200,20190300,20190300
2018-10-19 05:00:00,981,981,981,20181200,20190300,20190300
2018-10-22 05:00:00,981,981,981,20181200,20190300,20190300
2018-10-23 05:00:00,966,966,966,20181200,20190300,20190300
2018-10-24 05:00:00,961,961,961,20181200,20190300,20190300
2018-10-25 05:00:00,900,900,900,20181200,20190300,20190300
2018-10-26 05:00:00,873,873,873,20181200,20190300,20190300
2018-10-29 05:00:00,838,838,838,20181200,20190300,20190300
2018-10-30 05:00:00,870,870,870,20181200,20190300,20190300
2018-10-31 05:00:00,908,907,907,20181200,20190300,20190300
2018-11-01 05:00:00,900,899,899,20181200,20190300,20190300
2018-11-02 05:00:00,931,931,931,20181200,20190300,20190300
2018-11-05 06:00:00,946,946,946,20181200,20190300,20190300
2018-11-06 06:00:00,949,949,949,20181200,20190300,20190300
2018-11-07 06:00:00,971,970,970,20181200,20190300,20190300
2018-11-08 06:00:00,990,990,990,20181200,20190300,20190300
2018-11-09 06:00:00,990,990,990,20181200,20190300,20190300
2018-11-12 06:00:00,966,966,966,20181200,20190300,20190300
2018-11-13 06:00:00,959,958,958,20181200,20190300,20190300
2018-11-14 06:00:00,949,949,949,20181200,20190300,20190300
2018-11-15 06:00:00,957,957,957,20181200,20190300,20190300
2018-11-16 06:00:00,948,948,948,20181200,20190300,20190300
2018-11-19 06:00:00,977,977,977,20181200,20190300,20190300
2018-11-20 06:00:00,950,950,950,20181200,20190300,20190300
2018-11-21 06:00:00,947,947,947,20181200,20190300,20190300
2018-11-22 06:00:00,959,959,959,20181200,20190300,20190300
2018-11-26 06:00:00,964,964,964,20181200,20190300,20190300
2018-11-27 06:00:00,975,975,975,20181200,20190300,20190300
2018-11-28 06:00:00,996,995,995,20181200,20190300,20190300
2018-11-29 06:00:00,1011,1010,1010,20181200,20190300,20190300
2018-11-30 06:00:00,1011,1011,1011,20181200,20190300,20190300
2018-12-03 06:00:00,1032,1032,1032,20181200,20190300,20190300
2018-12-04 06:00:00,1017,1017,1017,20181200,20190300,20190300
2018-12-05 06:00:00,1012,1012,1012,20181200,20190300,20190300
2018-12-06 06:00:00,981,981,981,20181200,20190300,20190300
2018-12-07 06:00:00,981,980,980,20181200,20190300,20190300
2018-12-10 06:00:00,948,947,947,20181200,20190300,20190300
2018-12-11 06:00:00,922,921,921,20190300,20190600,20190600
2018-12-12 06:00:00,957,956,956,20190300,20190600,20190600
2018-12-13 06:00:00,960,959,959,20190300,20190600,20190600
2018-12-14 06:00:00,942,941,941,20190300,20190600,20190600
2018-12-17 06:00:00,911,910,910,20190300,20190600,20190600
2018-12-18 06:00:00,875,874,874,20190300,20190600,20190600
2018-12-19 06:00:00,886,884,884,20190300,20190600,20190600
2018-12-20 06:00:00,838,837,837,20190300,20190600,20190600
2018-12-21 06:00:00,811,809,809,20190300,20190600,20190600
2018-12-25 06:00:00,757,755,755,20190300,20190600,20190600
2018-12-26 06:00:00,776,774,774,20190300,20190600,20190600
2018-12-27 06:00:00,827,825,825,20190300,20190600,20190600
2018-12-28 06:00:00,812,811,811,20190300,20190600,20190600
2019-01-04 06:00:00,827,826,826,20190300,20190600,20190600
2019-01-07 06:00:00,859,858,858,20190300,20190600,20190600
2019-01-08 06:00:00,887,886,886,20190300,20190600,20190600
2019-01-09 06:00:00,896,895,895,20190300,20190600,20190600
2019-01-10 06:00:00,886,884,884,20190300,20190600,20190600
2019-01-11 06:00:00,890,888,888,20190300,20190600,20190600
2019-01-15 06:00:00,914,913,913,20190300,20190600,20190600
2019-01-16 06:00:00,921,919,919,20190300,20190600,20190600
2019-01-17 06:00:00,938,936,936,20190300,20190600,20190600
2019-01-18 06:00:00,951,949,949,20190300,20190600,20190600
2019-01-21 06:00:00,939,938,938,20190300,20190600,20190600
2019-01-22 06:00:00,931,929,929,20190300,20190600,20190600
2019-01-23 06:00:00,941,939,939,20190300,20190600,20190600
2019-01-24 06:00:00,951,950,950,20190300,20190600,20190600
2019-01-25 06:00:00,968,967,967,20190300,20190600,20190600
2019-01-28 06:00:00,950,948,948,20190300,20190600,20190600
2019-01-29 06:00:00,961,960,960,20190300,20190600,20190600
2019-01-30 06:00:00,883,882,882,20190300,20190600,20190600
2019-01-31 06:00:00,898,897,897,20190300,20190600,20190600
2019-02-01 06:00:00,887,885,885,20190300,20190600,20190600
2019-02-04 06:00:00,879,878,878,20190300,20190600,20190600
2019-02-05 06:00:00,869,868,868,20190300,20190600,20190600
2019-02-06 06:00:00,875,873,873,20190300,20190600,20190600
2019-02-07 06:00:00,870,869,869,20190300,20190600,20190600
2019-02-08 06:00:00,853,852,852,20190300,20190600,20190600
2019-02-12 06:00:00,862,860,860,20190300,20190600,20190600
2019-02-13 06:00:00,875,874,874,20190300,20190600,20190600
2019-02-14 06:00:00,873,872,872,20190300,20190600,20190600
2019-02-15 06:00:00,862,861,861,20190300,20190600,20190600
2019-02-18 06:00:00,875,874,874,20190300,20190600,20190600
2019-02-19 06:00:00,883,882,882,20190300,20190600,20190600
2019-02-20 06:00:00,891,889,889,20190300,20190600,20190600
2019-02-21 06:00:00,904,903,903,20190300,20190600,20190600
2019-02-22 06:00:00,917,915,915,20190300,20190600,20190600
2019-02-25 06:00:00,932,931,931,20190300,20190600,20190600
2019-02-26 06:00:00,933,931,931,20190300,20190600,20190600
2019-02-27 06:00:00,939,938,938,20190300,20190600,20190600
2019-02-28 06:00:00,918,917,917,20190300,20190600,20190600
2019-03-01 06:00:00,929,928,928,20190300,20190600,20190600
2019-03-04 06:00:00,938,937,937,20190300,20190600,20190600
2019-03-05 06:00:00,944,943,943,20190300,20190600,20190600
2019-03-06 06:00:00,947,945,945,20190300,20190600,20190600
2019-03-07 06:00:00,929,927,927,20190300,20190600,20190600
2019-03-08 06:00:00,899,899,899,20190600,20190900,20190900
2019-03-11 05:00:00,910,910,910,20190600,20190900,20190900
2019-03-12 05:00:00,930,930,930,20190600,20190900,20190900
2019-03-13 05:00:00,938,938,938,20190600,20190900,20190900
2019-03-14 05:00:00,931,931,931,20190600,20190900,20190900
2019-03-15 05:00:00,923,923,923,20190600,20190900,20190900
2019-03-18 05:00:00,940,940,940,20190600,20190900,20190900
2019-03-19 05:00:00,936,936,936,20190600,20190900,20190900
2019-03-20 05:00:00,941,941,941,20190600,20190900,20190900
2019-03-22 05:00:00,938,939,939,20190600,20190900,20190900
2019-03-25 05:00:00,925,925,925,20190600,20190900,20190900
2019-03-26 05:00:00,939,939,939,20190600,20190900,20190900
2019-03-27 05:00:00,961,961,961,20190600,20190900,20190900
2019-03-28 05:00:00,956,956,956,20190600,20190900,20190900
2019-03-29 05:00:00,956,956,956,20190600,20190900,20190900
2019-04-01 05:00:00,943,944,944,20190600,20190900,20190900
2019-04-02 05:00:00,909,909,909,20190600,20190900,20190900
2019-04-03 05:00:00,919,920,920,20190600,20190900,20190900
2019-04-04 05:00:00,911,911,911,20190600,20190900,20190900
2019-04-05 05:00:00,917,917,917,20190600,20190900,20190900
2019-04-08 05:00:00,931,932,932,20190600,20190900,20190900
2019-04-09 05:00:00,934,935,935,20190600,20190900,20190900
2019-04-10 05:00:00,940,941,941,20190600,20190900,20190900
2019-04-11 05:00:00,933,933,933,20190600,20190900,20190900
2019-04-12 05:00:00,920,920,920,20190600,20190900,20190900
2019-04-15 05:00:00,935,935,935,20190600,20190900,20190900
2019-04-16 05:00:00,932,932,932,20190600,20190900,20190900
2019-04-17 05:00:00,944,944,944,20190600,20190900,20190900
2019-04-18 05:00:00,933,933,933,20190600,20190900,20190900
2019-04-19 05:00:00,938,938,938,20190600,20190900,20190900
2019-04-22 05:00:00,927,927,927,20190600,20190900,20190900
2019-04-23 05:00:00,928,928,928,20190600,20190900,20190900
2019-04-24 05:00:00,933,934,934,20190600,20190900,20190900
2019-04-25 05:00:00,944,944,944,20190600,20190900,20190900
2019-04-26 05:00:00,945,945,945,20190600,20190900,20190900
2019-05-07 05:00:00,954,954,954,20190600,20190900,20190900
2019-05-08 05:00:00,941,941,941,20190600,20190900,20190900
2019-05-09 05:00:00,915,915,915,20190600,20190900,20190900
2019-05-10 05:00:00,911,912,912,20190600,20190900,20190900
2019-05-13 05:00:00,890,890,890,20190600,20190900,20190900
2019-05-14 05:00:00,873,873,873,20190600,20190900,20190900
2019-05-15 05:00:00,881,881,881,20190600,20190900,20190900
2019-05-16 05:00:00,874,874,874,20190600,20190900,20190900
2019-05-17 05:00:00,891,891,891,20190600,20190900,20190900
2019-05-20 05:00:00,881,881,881,20190600,20190900,20190900
2019-05-21 05:00:00,872,872,872,20190600,20190900,20190900
2019-05-22 05:00:00,891,891,891,20190600,20190900,20190900
2019-05-23 05:00:00,884,884,884,20190600,20190900,20190900
2019-05-24 05:00:00,883,883,883,20190600,20190900,20190900
2019-05-27 05:00:00,896,896,896,20190600,20190900,20190900
2019-05-28 05:00:00,921,922,922,20190600,20190900,20190900
2019-05-29 05:00:00,921,921,921,20190600,20190900,20190900
2019-05-30 05:00:00,905,905,905,20190600,20190900,20190900
2019-05-31 05:00:00,904,904,904,20190600,20190900,20190900
2019-06-03 05:00:00,872,872,872,20190600,20190900,20190900
2019-06-04 05:00:00,872,872,872,20190600,20190900,20190900
2019-06-05 05:00:00,894,893,893,20190600,20190900,20190900
2019-06-06 05:00:00,879,879,879,20190600,20190900,20190900
2019-06-07 05:00:00,884,884,884,20190600,20190900,20190900
2019-06-10 05:00:00,895,895,895,20190600,20190900,20190900
2019-06-11 05:00:00,901,900,900,20190900,20191200,20191200
2019-06-12 05:00:00,902,901,901,20190900,20191200,20191200
2019-06-13 05:00:00,894,893,893,20190900,20191200,20191200
2019-06-14 05:00:00,913,912,912,20190900,20191200,20191200
2019-06-17 05:00:00,909,908,908,20190900,20191200,20191200
2019-06-18 05:00:00,890,889,889,20190900,20191200,20191200
2019-06-19 05:00:00,896,896,896,20190900,20191200,20191200
2019-06-20 05:00:00,908,907,907,20190900,20191200,20191200
2019-06-21 05:00:00,891,890,890,20190900,20191200,20191200
2019-06-24 05:00:00,893,892,892,20190900,20191200,20191200
2019-06-25 05:00:00,885,884,884,20190900,20191200,20191200
2019-06-26 05:00:00,884,883,883,20190900,20191200,20191200
2019-06-27 05:00:00,888,887,887,20190900,20191200,20191200
2019-06-28 05:00:00,895,894,894,20190900,20191200,20191200
2019-07-01 05:00:00,910,909,909,20190900,20191200,20191200
2019-07-02 05:00:00,922,921,921,20190900,20191200,20191200
2019-07-03 05:00:00,916,915,915,20190900,20191200,20191200
2019-07-04 05:00:00,922,921,921,20190900,20191200,20191200
2019-07-05 05:00:00,926,925,925,20190900,20191200,20191200
2019-07-08 05:00:00,916,915,915,20190900,20191200,20191200
2019-07-09 05:00:00,912,911,911,20190900,20191200,20191200
2019-07-10 05:00:00,920,919,919,20190900,20191200,20191200
2019-07-11 05:00:00,917,917,917,20190900,20191200,20191200
2019-07-12 05:00:00,897,897,897,20190900,20191200,20191200
2019-07-16 05:00:00,905,904,904,20190900,20191200,20191200
2019-07-17 05:00:00,904,903,903,20190900,20191200,20191200
2019-07-18 05:00:00,882,881,881,20190900,20191200,20191200
2019-07-19 05:00:00,896,895,895,20190900,20191200,20191200
2019-07-22 05:00:00,889,888,888,20190900,20191200,20191200
2019-07-23 05:00:00,892,891,891,20190900,20191200,20191200
2019-07-24 05:00:00,892,891,891,20190900,20191200,20191200
2019-07-25 05:00:00,897,896,896,20190900,20191200,20191200
2019-07-26 05:00:00,896,895,895,20190900,20191200,20191200
2019-07-29 05:00:00,899,898,898,20190900,20191200,20191200
2019-07-30 05:00:00,903,902,902,20190900,20191200,20191200
2019-07-31 05:00:00,905,904,904,20190900,20191200,20191200
2019-08-01 05:00:00,905,904,904,20190900,20191200,20191200
2019-08-02 05:00:00,893,892,892,20190900,20191200,20191200
2019-08-05 05:00:00,872,871,871,20190900,20191200,20191200
2019-08-06 05:00:00,872,871,871,20190900,20191200,20191200
2019-08-07 05:00:00,873,872,872,20190900,20191200,20191200
2019-08-08 05:00:00,876,875,875,20190900,20191200,20191200
2019-08-09 05:00:00,872,871,871,20190900,20191200,20191200
2019-08-13 05:00:00,863,862,862,20190900,20191200,20191200
2019-08-14 05:00:00,869,868,868,20190900,20191200,20191200
2019-08-15 05:00:00,854,853,853,20190900,20191200,20191200
2019-08-16 05:00:00,852,852,852,20190900,20191200,20191200
2019-08-19 05:00:00,866,865,865,20190900,20191200,20191200
2019-08-20 05:00:00,882,881,881,20190900,20191200,20191200
2019-08-21 05:00:00,882,882,882,20190900,20191200,20191200
2019-08-22 05:00:00,876,875,875,20190900,20191200,20191200
2019-08-23 05:00:00,880,879,879,20190900,20191200,20191200
2019-08-26 05:00:00,865,864,864,20190900,20191200,20191200
2019-08-27 05:00:00,853,852,852,20190900,20191200,20191200
2019-08-28 05:00:00,841,840,840,20190900,20191200,20191200
2019-08-29 05:00:00,824,823,823,20190900,20191200,20191200
2019-08-30 05:00:00,841,840,840,20190900,20191200,20191200
2019-09-02 05:00:00,846,845,845,20190900,20191200,20191200
2019-09-03 05:00:00,851,850,850,20190900,20191200,20191200
2019-09-04 05:00:00,844,843,843,20190900,20191200,20191200
2019-09-05 05:00:00,857,856,856,20190900,20191200,20191200
2019-09-06 05:00:00,856,854,854,20190900,20191200,20191200
2019-09-09 05:00:00,859,858,858,20190900,20191200,20191200
2019-09-10 05:00:00,855,854,854,20190900,20191200,20191200
2019-09-11 05:00:00,864,864,864,20191200,20200300,20200300
2019-09-12 05:00:00,854,854,854,20191200,20200300,20200300
2019-09-13 05:00:00,847,847,847,20191200,20200300,20200300
2019-09-17 05:00:00,849,848,848,20191200,20200300,20200300
2019-09-18 05:00:00,844,844,844,20191200,20200300,20200300
2019-09-19 05:00:00,847,847,847,20191200,20200300,20200300
2019-09-20 05:00:00,863,863,863,20191200,20200300,20200300
2019-09-24 05:00:00,879,878,878,20191200,20200300,20200300
2019-09-25 05:00:00,880,880,880,20191200,20200300,20200300
2019-09-26 05:00:00,885,885,885,20191200,20200300,20200300
2019-09-27 05:00:00,882,882,882,20191200,20200300,20200300
2019-09-30 05:00:00,876,876,876,20191200,20200300,20200300
2019-10-01 05:00:00,877,877,877,20191200,20200300,20200300
2019-10-02 05:00:00,875,875,875,20191200,20200300,20200300
2019-10-03 05:00:00,860,859,859,20191200,20200300,20200300
2019-10-04 05:00:00,871,870,870,20191200,20200300,20200300
2019-10-07 05:00:00,868,868,868,20191200,20200300,20200300
2019-10-08 05:00:00,876,876,876,20191200,20200300,20200300
2019-10-09 05:00:00,866,866,866,20191200,20200300,20200300
2019-10-10 05:00:00,853,853,853,20191200,20200300,20200300
2019-10-11 05:00:00,840,840,840,20191200,20200300,20200300
2019-10-15 05:00:00,845,845,845,20191200,20200300,20200300
2019-10-16 05:00:00,837,837,837,20191200,20200300,20200300
2019-10-17 05:00:00,837,837,837,20191200,20200300,20200300
2019-10-18 05:00:00,840,840,840,20191200,20200300,20200300
2019-10-21 05:00:00,845,845,845,20191200,20200300,20200300
2019-10-23 05:00:00,854,854,854,20191200,20200300,20200300
2019-10-24 05:00:00,862,861,861,20191200,20200300,20200300
2019-10-25 05:00:00,866,866,866,20191200,20200300,20200300
2019-10-28 05:00:00,868,867,867,20191200,20200300,20200300
2019-10-29 05:00:00,877,877,877,20191200,20200300,20200300
2019-10-30 05:00:00,870,870,870,20191200,20200300,20200300
2019-10-31 05:00:00,874,874,874,20191200,20200300,20200300
2019-11-01 05:00:00,874,874,874,20191200,20200300,20200300
2019-11-05 06:00:00,876,876,876,20191200,20200300,20200300
2019-11-06 06:00:00,871,871,871,20191200,20200300,20200300
2019-11-07 06:00:00,874,874,874,20191200,20200300,20200300
2019-11-08 06:00:00,858,858,858,20191200,20200300,20200300
2019-11-11 06:00:00,868,868,868,20191200,20200300,20200300
2019-11-12 06:00:00,865,865,865,20191200,20200300,20200300
2019-11-13 06:00:00,857,857,857,20191200,20200300,20200300
2019-11-14 06:00:00,852,851,851,20191200,20200300,20200300
2019-11-15 06:00:00,854,854,854,20191200,20200300,20200300
2019-11-18 06:00:00,869,869,869,20191200,20200300,20200300
2019-11-19 06:00:00,876,876,876,20191200,20200300,20200300
2019-11-20 06:00:00,881,881,881,20191200,20200300,20200300
2019-11-21 06:00:00,880,880,880,20191200,20200300,20200300
2019-11-22 06:00:00,889,889,889,20191200,20200300,20200300
2019-11-25 06:00:00,894,894,894,20191200,20200300,20200300
2019-11-26 06:00:00,905,905,905,20191200,20200300,20200300
2019-11-27 06:00:00,912,912,912,20191200,20200300,20200300
2019-11-28 06:00:00,914,913,913,20191200,20200300,20200300
2019-11-29 06:00:00,915,915,915,20191200,20200300,20200300
2019-12-02 06:00:00,912,911,911,20191200,20200300,20200300
2019-12-03 06:00:00,915,915,915,20191200,20200300,20200300
2019-12-04 06:00:00,913,912,912,20191200,20200300,20200300
2019-12-05 06:00:00,902,902,902,20191200,20200300,20200300
2019-12-06 06:00:00,911,911,911,20191200,20200300,20200300
2019-12-09 06:00:00,906,906,906,20191200,20200300,20200300
2019-12-10 06:00:00,906,906,906,20191200,20200300,20200300
2019-12-11 06:00:00,898,897,897,20200300,20200600,20200600
2019-12-12 06:00:00,893,892,892,20200300,20200600,20200600
2019-12-13 06:00:00,885,884,884,20200300,20200600,20200600
2019-12-16 06:00:00,873,872,872,20200300,20200600,20200600
2019-12-17 06:00:00,880,879,879,20200300,20200600,20200600
2019-12-18 06:00:00,866,865,865,20200300,20200600,20200600
2019-12-19 06:00:00,867,866,866,20200300,20200600,20200600
2019-12-20 06:00:00,872,871,871,20200300,20200600,20200600
2019-12-23 06:00:00,869,868,868,20200300,20200600,20200600
2019-12-24 06:00:00,879,878,878,20200300,20200600,20200600
2019-12-25 06:00:00,892,891,891,20200300,20200600,20200600
2019-12-26 06:00:00,902,901,901,20200300,20200600,20200600
2019-12-27 06:00:00,908,907,907,20200300,20200600,20200600
2019-12-30 06:00:00,897,897,897,20200300,20200600,20200600
2020-01-06 06:00:00,881,880,880,20200300,20200600,20200600
2020-01-07 06:00:00,893,892,892,20200300,20200600,20200600
2020-01-08 06:00:00,871,870,870,20200300,20200600,20200600
2020-01-09 06:00:00,886,885,885,20200300,20200600,20200600
2020-01-10 06:00:00,890,889,889,20200300,20200600,20200600
2020-01-14 06:00:00,887,887,887,20200300,20200600,20200600
2020-01-15 06:00:00,887,886,886,20200300,20200600,20200600
2020-01-16 06:00:00,887,886,886,20200300,20200600,20200600
2020-01-17 06:00:00,885,884,884,20200300,20200600,20200600
2020-01-20 06:00:00,885,884,884,20200300,20200600,20200600
2020-01-21 06:00:00,886,885,885,20200300,20200600,20200600
2020-01-22 06:00:00,886,885,885,20200300,20200600,20200600
2020-01-23 06:00:00,880,879,879,20200300,20200600,20200600
2020-01-24 06:00:00,869,868,868,20200300,20200600,20200600
2020-01-27 06:00:00,851,850,850,20200300,20200600,20200600
2020-01-28 06:00:00,850,849,849,20200300,20200600,20200600
2020-01-29 06:00:00,838,837,837,20200300,20200600,20200600
2020-01-30 06:00:00,812,811,811,20200300,20200600,20200600
2020-01-31 06:00:00,823,822,822,20200300,20200600,20200600
2020-02-03 06:00:00,823,822,822,20200300,20200600,20200600
2020-02-04 06:00:00,837,836,836,20200300,20200600,20200600
2020-02-05 06:00:00,845,844,844,20200300,20200600,20200600
2020-02-06 06:00:00,851,850,850,20200300,20200600,20200600
2020-02-07 06:00:00,850,849,849,20200300,20200600,20200600
2020-02-10 06:00:00,841,840,840,20200300,20200600,20200600
2020-02-12 06:00:00,852,852,852,20200300,20200600,20200600
2020-02-13 06:00:00,857,856,856,20200300,20200600,20200600
2020-02-14 06:00:00,842,841,841,20200300,20200600,20200600
2020-02-17 06:00:00,829,828,828,20200300,20200600,20200600
2020-02-18 06:00:00,809,808,808,20200300,20200600,20200600
2020-02-19 06:00:00,830,829,829,20200300,20200600,20200600
2020-02-20 06:00:00,823,822,822,20200300,20200600,20200600
2020-02-21 06:00:00,828,828,828,20200300,20200600,20200600
2020-02-25 06:00:00,798,797,797,20200300,20200600,20200600
2020-02-26 06:00:00,781,780,780,20200300,20200600,20200600
2020-02-27 06:00:00,748,747,747,20200300,20200600,20200600
2020-02-28 06:00:00,701,700,700,20200300,20200600,20200600
2020-03-02 06:00:00,742,740,740,20200300,20200600,20200600
2020-03-03 06:00:00,725,724,724,20200300,20200600,20200600
2020-03-04 06:00:00,736,735,735,20200300,20200600,20200600
2020-03-05 06:00:00,743,742,742,20200300,20200600,20200600
2020-03-06 06:00:00,716,715,715,20200300,20200600,20200600
2020-03-09 05:00:00,646,645,645,20200300,20200600,20200600
2020-03-10 05:00:00,665,664,664,20200300,20200600,20200600
2020-03-11 05:00:00,633,633,633,20200600,20200900,20200900
2020-03-12 05:00:00,599,599,599,20200600,20200900,20200900
2020-03-13 05:00:00,564,564,564,20200600,20200900,20200900
2020-03-16 05:00:00,558,559,559,20200600,20200900,20200900
2020-03-17 05:00:00,593,593,593,20200600,20200900,20200900
2020-03-18 05:00:00,586,586,586,20200600,20200900,20200900
2020-03-19 05:00:00,557,557,557,20200600,20200900,20200900
2020-03-23 05:00:00,559,559,559,20200600,20200900,20200900
2020-03-24 05:00:00,604,604,604,20200600,20200900,20200900
2020-03-25 05:00:00,640,640,640,20200600,20200900,20200900
2020-03-26 05:00:00,613,613,613,20200600,20200900,20200900
2020-03-27 05:00:00,622,622,622,20200600,20200900,20200900
2020-03-30 05:00:00,612,612,612,20200600,20200900,20200900
2020-03-31 05:00:00,620,620,620,20200600,20200900,20200900
2020-04-01 05:00:00,614,614,614,20200600,20200900,20200900
2020-04-02 05:00:00,613,613,613,20200600,20200900,20200900
2020-04-03 05:00:00,594,594,594,20200600,20200900,20200900
2020-04-06 05:00:00,615,615,615,20200600,20200900,20200900
2020-04-07 05:00:00,637,637,637,20200600,20200900,20200900
2020-04-08 05:00:00,647,647,647,20200600,20200900,20200900
2020-04-09 05:00:00,671,671,671,20200600,20200900,20200900
2020-04-10 05:00:00,670,670,670,20200600,20200900,20200900
2020-04-13 05:00:00,677,677,677,20200600,20200900,20200900
2020-04-14 05:00:00,709,709,709,20200600,20200900,20200900
2020-04-15 05:00:00,712,712,712,20200600,20200900,20200900
2020-04-16 05:00:00,731,731,731,20200600,20200900,20200900
2020-04-17 05:00:00,739,739,739,20200600,20200900,20200900
2020-04-20 05:00:00,762,762,762,20200600,20200900,20200900
2020-04-21 05:00:00,730,730,730,20200600,20200900,20200900
2020-04-22 05:00:00,715,715,715,20200600,20200900,20200900
2020-04-23 05:00:00,739,739,739,20200600,20200900,20200900
2020-04-24 05:00:00,743,743,743,20200600,20200900,20200900
2020-04-27 05:00:00,760,760,760,20200600,20200900,20200900
2020-04-28 05:00:00,774,774,774,20200600,20200900,20200900
2020-04-30 05:00:00,792,792,792,20200600,20200900,20200900
2020-05-01 05:00:00,789,789,789,20200600,20200900,20200900
2020-05-07 05:00:00,840,840,840,20200600,20200900,20200900
2020-05-08 05:00:00,823,823,823,20200600,20200900,20200900
2020-05-11 05:00:00,833,833,833,20200600,20200900,20200900
2020-05-12 05:00:00,834,834,834,20200600,20200900,20200900
2020-05-13 05:00:00,839,839,839,20200600,20200900,20200900
2020-05-14 05:00:00,821,821,821,20200600,20200900,20200900
2020-05-15 05:00:00,840,840,840,20200600,20200900,20200900
2020-05-18 05:00:00,873,873,873,20200600,20200900,20200900
2020-05-19 05:00:00,881,881,881,20200600,20200900,20200900
2020-05-20 05:00:00,910,910,910,20200600,20200900,20200900
2020-05-21 05:00:00,928,928,928,20200600,20200900,20200900
2020-05-22 05:00:00,927,927,927,20200600,20200900,20200900
2020-05-25 05:00:00,959,959,959,20200600,20200900,20200900
2020-05-26 05:00:00,953,953,953,20200600,20200900,20200900
2020-05-27 05:00:00,956,956,956,20200600,20200900,20200900
2020-05-28 05:00:00,948,948,948,20200600,20200900,20200900
2020-05-29 05:00:00,982,982,982,20200600,20200900,20200900
2020-06-01 05:00:00,1003,1003,1003,20200600,20200900,20200900
2020-06-02 05:00:00,1015,1015,1015,20200600,20200900,20200900
2020-06-03 05:00:00,1003,1003,1003,20200600,20200900,20200900
2020-06-04 05:00:00,991,991,991,20200600,20200900,20200900
2020-06-05 05:00:00,996,996,996,20200600,20200900,20200900
2020-06-08 05:00:00,1012,1012,1012,20200600,20200900,20200900
2020-06-09 05:00:00,1021,1021,1021,20200600,20200900,20200900
2020-06-10 05:00:00,1036,1036,1036,20200600,20200900,20200900
2020-06-11 05:00:00,1007,1007,1007,20200900,20201200,20201200
2020-06-12 05:00:00,999,999,999,20200900,20201200,20201200
2020-06-15 05:00:00,958,958,958,20200900,20201200,20201200
2020-06-16 05:00:00,1001,1001,1001,20200900,20201200,20201200
2020-06-17 05:00:00,1022,1022,1022,20200900,20201200,20201200
2020-06-18 05:00:00,1033,1033,1033,20200900,20201200,20201200
2020-06-19 05:00:00,1043,1043,1043,20200900,20201200,20201200
2020-06-22 05:00:00,1056,1056,1056,20200900,20201200,20201200
2020-06-23 05:00:00,1051,1052,1052,20200900,20201200,20201200
2020-06-24 05:00:00,1060,1061,1061,20200900,20201200,20201200
2020-06-25 05:00:00,1056,1056,1056,20200900,20201200,20201200
2020-06-26 05:00:00,1047,1048,1048,20200900,20201200,20201200
2020-06-29 05:00:00,1019,1019,1019,20200900,20201200,20201200
2020-06-30 05:00:00,1012,1012,1012,20200900,20201200,20201200
2020-07-01 05:00:00,998,998,998,20200900,20201200,20201200
2020-07-02 05:00:00,948,949,949,20200900,20201200,20201200
2020-07-03 05:00:00,978,978,978,20200900,20201200,20201200
2020-07-06 05:00:00,990,990,990,20200900,20201200,20201200
2020-07-07 05:00:00,1007,1008,1008,20200900,20201200,20201200
2020-07-08 05:00:00,1009,1009,1009,20200900,20201200,20201200
2020-07-09 05:00:00,999,999,999,20200900,20201200,20201200
2020-07-10 05:00:00,1004,1004,1004,20200900,20201200,20201200
2020-07-13 05:00:00,1013,1014,1014,20200900,20201200,20201200
2020-07-14 05:00:00,997,998,998,20200900,20201200,20201200
2020-07-15 05:00:00,1017,1017,1017,20200900,20201200,20201200
2020-07-16 05:00:00,1001,1001,1001,20200900,20201200,20201200
2020-07-17 05:00:00,985,985,985,20200900,20201200,20201200
2020-07-20 05:00:00,988,988,988,20200900,20201200,20201200
2020-07-21 05:00:00,1015,1015,1015,20200900,20201200,20201200
2020-07-22 05:00:00,1013,1013,1013,20200900,20201200,20201200
2020-07-27 05:00:00,994,995,995,20200900,20201200,20201200
2020-07-28 05:00:00,984,984,984,20200900,20201200,20201200
2020-07-29 05:00:00,960,960,960,20200900,20201200,20201200
2020-07-30 05:00:00,972,972,972,20200900,20201200,20201200
2020-07-31 05:00:00,958,958,958,20200900,20201200,20201200
2020-08-03 05:00:00,995,995,995,20200900,20201200,20201200
2020-08-04 05:00:00,1009,1009,1009,20200900,20201200,20201200
2020-08-05 05:00:00,1030,1030,1030,20200900,20201200,20201200
2020-08-06 05:00:00,1023,1023,1023,20200900,20201200,20201200
2020-08-07 05:00:00,1035,1035,1035,20200900,20201200,20201200
2020-08-11 05:00:00,1030,1031,1031,20200900,20201200,20201200
2020-08-12 05:00:00,1009,1009,1009,20200900,20201200,20201200
2020-08-13 05:00:00,1032,1032,1032,20200900,20201200,20201200
2020-08-14 05:00:00,1050,1050,1050,20200900,20201200,20201200
2020-08-17 05:00:00,1051,1051,1051,20200900,20201200,20201200
2020-08-18 05:00:00,1087,1087,1087,20200900,20201200,20201200
2020-08-19 05:00:00,1119,1119,1119,20200900,20201200,20201200
2020-08-20 05:00:00,1108,1108,1108,20200900,20201200,20201200
2020-08-21 05:00:00,1134,1135,1135,20200900,20201200,20201200
2020-08-24 05:00:00,1151,1151,1151,20200900,20201200,20201200
2020-08-25 05:00:00,1133,1133,1133,20200900,20201200,20201200
2020-08-26 05:00:00,1150,1150,1150,20200900,20201200,20201200
2020-08-27 05:00:00,1134,1135,1135,20200900,20201200,20201200
2020-08-28 05:00:00,1082,1082,1082,20200900,20201200,20201200
2020-08-31 05:00:00,1122,1122,1122,20200900,20201200,20201200
2020-09-01 05:00:00,1155,1155,1155,20200900,20201200,20201200
2020-09-02 05:00:00,1173,1173,1173,20200900,20201200,20201200
2020-09-03 05:00:00,1170,1171,1171,20200900,20201200,20201200
2020-09-04 05:00:00,1140,1140,1140,20200900,20201200,20201200
2020-09-07 05:00:00,1117,1117,1117,20200900,20201200,20201200
2020-09-08 05:00:00,1139,1139,1139,20200900,20201200,20201200
2020-09-09 05:00:00,1132,1132,1132,20200900,20201200,20201200
2020-09-10 05:00:00,1123,1123,1123,20200900,20201200,20201200
2020-09-11 05:00:00,1135,1135,1135,20201200,20210300,20210300
2020-09-14 05:00:00,1129,1129,1129,20201200,20210300,20210300
2020-09-15 05:00:00,1152,1153,1153,20201200,20210300,20210300
2020-09-16 05:00:00,1181,1182,1182,20201200,20210300,20210300
2020-09-17 05:00:00,1178,1178,1178,20201200,20210300,20210300
2020-09-18 05:00:00,1184,1184,1184,20201200,20210300,20210300
2020-09-23 05:00:00,1213,1213,1213,20201200,20210300,20210300
2020-09-24 05:00:00,1190,1191,1191,20201200,20210300,20210300
2020-09-25 05:00:00,1207,1207,1207,20201200,20210300,20210300
2020-09-28 05:00:00,1187,1187,1187,20201200,20210300,20210300
2020-09-29 05:00:00,1227,1228,1228,20201200,20210300,20210300
2020-09-30 05:00:00,1227,1227,1227,20201200,20210300,20210300
2020-10-01 05:00:00,1227,1227,1227,20201200,20210300,20210300
2020-10-02 05:00:00,1222,1222,1222,20201200,20210300,20210300
2020-10-05 05:00:00,1254,1254,1254,20201200,20210300,20210300
2020-10-06 05:00:00,1266,1266,1266,20201200,20210300,20210300
2020-10-07 05:00:00,1293,1294,1294,20201200,20210300,20210300
2020-10-08 05:00:00,1320,1320,1320,20201200,20210300,20210300
2020-10-09 05:00:00,1335,1335,1335,20201200,20210300,20210300
2020-10-12 05:00:00,1351,1352,1352,20201200,20210300,20210300
2020-10-13 05:00:00,1347,1348,1348,20201200,20210300,20210300
2020-10-14 05:00:00,1366,1366,1366,20201200,20210300,20210300
2020-10-15 05:00:00,1335,1335,1335,20201200,20210300,20210300
2020-10-16 05:00:00,1313,1313,1313,20201200,20210300,20210300
2020-10-19 05:00:00,1319,1319,1319,20201200,20210300,20210300
2020-10-20 05:00:00,1325,1326,1326,20201200,20210300,20210300
2020-10-21 05:00:00,1319,1319,1319,20201200,20210300,20210300
2020-10-22 05:00:00,1260,1260,1260,20201200,20210300,20210300
2020-10-23 05:00:00,1248,1248,1248,20201200,20210300,20210300
2020-10-26 05:00:00,1200,1200,1200,20201200,20210300,20210300
2020-10-27 05:00:00,1219,1220,1220,20201200,20210300,20210300
2020-10-28 05:00:00,1215,1215,1215,20201200,20210300,20210300
2020-10-29 05:00:00,1213,1213,1213,20201200,20210300,20210300
2020-10-30 05:00:00,1171,1172,1172,20201200,20210300,20210300
2020-11-02 06:00:00,1155,1156,1156,20201200,20210300,20210300
2020-11-04 06:00:00,1217,1217,1217,20201200,20210300,20210300
2020-11-05 06:00:00,1256,1256,1256,20201200,20210300,20210300
2020-11-06 06:00:00,1243,1244,1244,20201200,20210300,20210300
2020-11-09 06:00:00,1266,1266,1266,20201200,20210300,20210300
2020-11-10 06:00:00,1185,1185,1185,20201200,20210300,20210300
2020-11-11 06:00:00,1204,1204,1204,20201200,20210300,20210300
2020-11-12 06:00:00,1222,1222,1222,20201200,20210300,20210300
2020-11-13 06:00:00,1245,1245,1245,20201200,20210300,20210300
2020-11-16 06:00:00,1232,1232,1232,20201200,20210300,20210300
2020-11-17 06:00:00,1187,1188,1188,20201200,20210300,20210300
2020-11-18 06:00:00,1195,1195,1195,20201200,20210300,20210300
2020-11-19 06:00:00,1199,1199,1199,20201200,20210300,20210300
2020-11-20 06:00:00,1198,1199,1199,20201200,20210300,20210300
2020-11-24 06:00:00,1225,1226,1226,20201200,20210300,20210300
2020-11-25 06:00:00,1200,1200,1200,20201200,20210300,20210300
2020-11-26 06:00:00,1204,1205,1205,20201200,20210300,20210300
2020-11-27 06:00:00,1211,1211,1211,20201200,20210300,20210300
2020-11-30 06:00:00,1232,1232,1232,20201200,20210300,20210300
2020-12-01 06:00:00,1263,1263,1263,20201200,20210300,20210300
2020-12-02 06:00:00,1266,1266,1266,20201200,20210300,20210300
2020-12-03 06:00:00,1233,1233,1233,20201200,20210300,20210300
2020-12-04 06:00:00,1222,1222,1222,20201200,20210300,20210300
2020-12-07 06:00:00,1171,1171,1171,20201200,20210300,20210300
2020-12-08 06:00:00,1187,1187,1187,20201200,20210300,20210300
2020-12-09 06:00:00,1170,1170,1170,20201200,20210300,20210300
2020-12-10 06:00:00,1157,1157,1157,20201200,20210300,20210300
2020-12-11 06:00:00,1186,1186,1186,20210300,20210600,20210600
2020-12-14 06:00:00,1188,1188,1188,20210300,20210600,20210600
2020-12-15 06:00:00,1171,1171,1171,20210300,20210600,20210600
2020-12-16 06:00:00,1157,1158,1158,20210300,20210600,20210600
2020-12-17 06:00:00,1185,1185,1185,20210300,20210600,20210600
2020-12-18 06:00:00,1186,1187,1187,20210300,20210600,20210600
2020-12-21 06:00:00,1177,1177,1177,20210300,20210600,20210600
2020-12-22 06:00:00,1129,1129,1129,20210300,20210600,20210600
2020-12-23 06:00:00,1153,1153,1153,20210300,20210600,20210600
2020-12-24 06:00:00,1168,1168,1168,20210300,20210600,20210600
2020-12-25 06:00:00,1162,1162,1162,20210300,20210600,20210600
2020-12-28 06:00:00,1162,1162,1162,20210300,20210600,20210600
2020-12-29 06:00:00,1192,1192,1192,20210300,20210600,20210600
2020-12-30 06:00:00,1197,1197,1197,20210300,20210600,20210600
2021-01-04 06:00:00,1222,1222,1222,20210300,20210600,20210600
2021-01-05 06:00:00,1211,1211,1211,20210300,20210600,20210600
2021-01-06 06:00:00,1215,1216,1216,20210300,20210600,20210600
2021-01-07 06:00:00,1215,1215,1215,20210300,20210600,20210600
2021-01-08 06:00:00,1236,1236,1236,20210300,20210600,20210600
2021-01-12 06:00:00,1228,1228,1228,20210300,20210600,20210600
2021-01-13 06:00:00,1239,1239,1239,20210300,20210600,20210600
2021-01-14 06:00:00,1208,1208,1208,20210300,20210600,20210600
2021-01-15 06:00:00,1218,1218,1218,20210300,20210600,20210600
2021-01-18 06:00:00,1237,1237,1237,20210300,20210600,20210600
2021-01-19 06:00:00,1236,1236,1236,20210300,20210600,20210600
2021-01-20 06:00:00,1238,1238,1238,20210300,20210600,20210600
2021-01-21 06:00:00,1284,1284,1284,20210300,20210600,20210600
2021-01-22 06:00:00,1292,1292,1292,20210300,20210600,20210600
2021-01-25 06:00:00,1301,1301,1301,20210300,20210600,20210600
2021-01-26 06:00:00,1271,1271,1271,20210300,20210600,20210600
2021-01-27 06:00:00,1276,1276,1276,20210300,20210600,20210600
2021-01-28 06:00:00,1233,1233,1233,20210300,20210600,20210600
2021-01-29 06:00:00,1209,1209,1209,20210300,20210600,20210600
2021-02-01 06:00:00,1234,1235,1235,20210300,20210600,20210600
2021-02-02 06:00:00,1253,1254,1254,20210300,20210600,20210600
2021-02-03 06:00:00,1259,1259,1259,20210300,20210600,20210600
2021-02-04 06:00:00,1262,1262,1262,20210300,20210600,20210600
2021-02-05 06:00:00,1262,1262,1262,20210300,20210600,20210600
2021-02-08 06:00:00,1267,1268,1268,20210300,20210600,20210600
2021-02-09 06:00:00,1264,1265,1265,20210300,20210600,20210600
2021-02-10 06:00:00,1290,1290,1290,20210300,20210600,20210600
2021-02-12 06:00:00,1312,1312,1312,20210300,20210600,20210600
2021-02-15 06:00:00,1314,1314,1314,20210300,20210600,20210600
2021-02-16 06:00:00,1321,1321,1321,20210300,20210600,20210600
2021-02-17 06:00:00,1294,1295,1295,20210300,20210600,20210600
2021-02-18 06:00:00,1273,1273,1273,20210300,20210600,20210600
2021-02-19 06:00:00,1265,1266,1266,20210300,20210600,20210600
2021-02-22 06:00:00,1275,1275,1275,20210300,20210600,20210600
2021-02-24 06:00:00,1220,1220,1220,20210300,20210600,20210600
2021-02-25 06:00:00,1238,1239,1239,20210300,20210600,20210600
2021-02-26 06:00:00,1214,1214,1214,20210300,20210600,20210600
2021-03-01 06:00:00,1217,1217,1217,20210300,20210600,20210600
2021-03-02 06:00:00,1222,1222,1222,20210300,20210600,20210600
2021-03-03 06:00:00,1198,1198,1198,20210300,20210600,20210600
2021-03-04 06:00:00,1172,1172,1172,20210300,20210600,20210600
2021-03-05 06:00:00,1168,1168,1168,20210300,20210600,20210600
2021-03-08 06:00:00,1148,1148,1148,20210300,20210600,20210600
2021-03-09 06:00:00,1154,1154,1154,20210300,20210600,20210600
2021-03-10 06:00:00,1156,1156,1156,20210300,20210600,20210600
2021-03-11 06:00:00,1172,1172,1172,20210600,20210900,20210900
2021-03-12 06:00:00,1207,1208,1208,20210600,20210900,20210900
2021-03-15 05:00:00,1197,1197,1197,20210600,20210900,20210900
2021-03-16 05:00:00,1214,1214,1214,20210600,20210900,20210900
2021-03-17 05:00:00,1233,1233,1233,20210600,20210900,20210900
2021-03-18 05:00:00,1249,1250,1250,20210600,20210900,20210900
2021-03-19 05:00:00,1230,1230,1230,20210600,20210900,20210900
2021-03-22 05:00:00,1220,1220,1220,20210600,20210900,20210900
2021-03-23 05:00:00,1203,1203,1203,20210600,20210900,20210900
2021-03-24 05:00:00,1164,1164,1164,20210600,20210900,20210900
2021-03-25 05:00:00,1164,1164,1164,20210600,20210900,20210900
2021-03-26 05:00:00,1198,1199,1199,20210600,20210900,20210900
2021-03-29 05:00:00,1177,1177,1177,20210600,20210900,20210900
2021-03-30 05:00:00,1181,1181,1181,20210600,20210900,20210900
2021-03-31 05:00:00,1203,1204,1204,20210600,20210900,20210900
2021-04-01 05:00:00,1230,1231,1231,20210600,20210900,20210900
2021-04-02 05:00:00,1240,1240,1240,20210600,20210900,20210900
2021-04-05 05:00:00,1241,1241,1241,20210600,20210900,20210900
2021-04-06 05:00:00,1226,1226,1226,20210600,20210900,20210900
2021-04-07 05:00:00,1228,1228,1228,20210600,20210900,20210900
2021-04-08 05:00:00,1224,1225,1225,20210600,20210900,20210900
2021-04-09 05:00:00,1244,1245,1245,20210600,20210900,20210900
2021-04-12 05:00:00,1216,1216,1216,20210600,20210900,20210900
2021-04-13 05:00:00,1216,1217,1217,20210600,20210900,20210900
2021-04-14 05:00:00,1235,1236,1236,20210600,20210900,20210900
2021-04-15 05:00:00,1228,1229,1229,20210600,20210900,20210900
2021-04-16 05:00:00,1251,1251,1251,20210600,20210900,20210900
2021-04-19 05:00:00,1257,1258,1258,20210600,20210900,20210900
2021-04-20 05:00:00,1245,1245,1245,20210600,20210900,20210900
2021-04-21 05:00:00,1204,1205,1205,20210600,20210900,20210900
2021-04-22 05:00:00,1227,1227,1227,20210600,20210900,20210900
2021-04-23 05:00:00,1212,1213,1213,20210600,20210900,20210900
2021-04-26 05:00:00,1221,1221,1221,20210600,20210900,20210900
2021-04-27 05:00:00,1222,1222,1222,20210600,20210900,20210900
2021-04-28 05:00:00,1211,1212,1212,20210600,20210900,20210900
2021-04-30 05:00:00,1202,1202,1202,20210600,20210900,20210900
2021-05-06 05:00:00,1184,1184,1184,20210600,20210900,20210900
2021-05-07 05:00:00,1162,1163,1163,20210600,20210900,20210900
2021-05-10 05:00:00,1157,1158,1158,20210600,20210900,20210900
2021-05-11 05:00:00,1117,1118,1118,20210600,20210900,20210900
2021-05-12 05:00:00,1096,1096,1096,20210600,20210900,20210900
2021-05-13 05:00:00,1065,1066,1066,20210600,20210900,20210900
2021-05-14 05:00:00,1085,1085,1085,20210600,20210900,20210900
2021-05-17 05:00:00,1043,1043,1043,20210600,20210900,20210900
2021-05-18 05:00:00,1070,1070,1070,20210600,20210900,20210900
2021-05-19 05:00:00,1092,1092,1092,20210600,20210900,20210900
2021-05-20 05:00:00,1104,1104,1104,20210600,20210900,20210900
2021-05-21 05:00:00,1129,1129,1129,20210600,20210900,20210900
2021-05-24 05:00:00,1108,1109,1109,20210600,20210900,20210900
2021-05-25 05:00:00,1134,1134,1134,20210600,20210900,20210900
2021-05-26 05:00:00,1149,1149,1149,20210600,20210900,20210900
2021-05-27 05:00:00,1146,1146,1146,20210600,20210900,20210900
2021-05-28 05:00:00,1145,1145,1145,20210600,20210900,20210900
2021-05-31 05:00:00,1150,1150,1150,20210600,20210900,20210900
2021-06-01 05:00:00,1142,1142,1142,20210600,20210900,20210900
2021-06-02 05:00:00,1136,1136,1136,20210600,20210900,20210900
2021-06-03 05:00:00,1141,1142,1142,20210600,20210900,20210900
2021-06-04 05:00:00,1120,1120,1120,20210600,20210900,20210900
2021-06-07 05:00:00,1134,1134,1134,20210600,20210900,20210900
2021-06-08 05:00:00,1160,1160,1160,20210600,20210900,20210900
2021-06-09 05:00:00,1174,1174,1174,20210600,20210900,20210900
2021-06-10 05:00:00,1181,1181,1181,20210600,20210900,20210900
2021-06-11 05:00:00,1182,1183,1183,20210900,20211200,20211200
2021-06-14 05:00:00,1199,1199,1199,20210900,20211200,20211200
2021-06-15 05:00:00,1205,1205,1205,20210900,20211200,20211200
2021-06-16 05:00:00,1203,1203,1203,20210900,20211200,20211200
2021-06-17 05:00:00,1183,1183,1183,20210900,20211200,20211200
2021-06-18 05:00:00,1177,1178,1178,20210900,20211200,20211200
2021-06-21 05:00:00,1156,1156,1156,20210900,20211200,20211200
2021-06-22 05:00:00,1170,1170,1170,20210900,20211200,20211200
2021-06-23 05:00:00,1180,1181,1181,20210900,20211200,20211200
2021-06-24 05:00:00,1181,1182,1182,20210900,20211200,20211200
2021-06-25 05:00:00,1197,1197,1197,20210900,20211200,20211200
2021-06-28 05:00:00,1207,1207,1207,20210900,20211200,20211200
2021-06-29 05:00:00,1206,1206,1206,20210900,20211200,20211200
2021-06-30 05:00:00,1208,1208,1208,20210900,20211200,20211200
2021-07-01 05:00:00,1200,1201,1201,20210900,20211200,20211200
2021-07-02 05:00:00,1200,1201,1201,20210900,20211200,20211200
2021-07-05 05:00:00,1191,1191,1191,20210900,20211200,20211200
2021-07-06 05:00:00,1189,1189,1189,20210900,20211200,20211200
2021-07-07 05:00:00,1181,1182,1182,20210900,20211200,20211200
2021-07-08 05:00:00,1159,1159,1159,20210900,20211200,20211200
2021-07-09 05:00:00,1168,1169,1169,20210900,20211200,20211200
2021-07-12 05:00:00,1184,1184,1184,20210900,20211200,20211200
2021-07-13 05:00:00,1178,1178,1178,20210900,20211200,20211200
2021-07-14 05:00:00,1184,1184,1184,20210900,20211200,20211200
2021-07-15 05:00:00,1161,1161,1161,20210900,20211200,20211200
2021-07-16 05:00:00,1159,1159,1159,20210900,20211200,20211200
2021-07-19 05:00:00,1137,1137,1137,20210900,20211200,20211200
2021-07-20 05:00:00,1129,1129,1129,20210900,20211200,20211200
2021-07-21 05:00:00,1138,1138,1138,20210900,20211200,20211200
2021-07-26 05:00:00,1142,1142,1142,20210900,20211200,20211200
2021-07-27 05:00:00,1137,1137,1137,20210900,20211200,20211200
2021-07-28 05:00:00,1097,1098,1098,20210900,20211200,20211200
2021-07-29 05:00:00,1115,1115,1115,20210900,20211200,20211200
2021-07-30 05:00:00,1085,1086,1086,20210900,20211200,20211200
2021-08-02 05:00:00,1088,1089,1089,20210900,20211200,20211200
2021-08-03 05:00:00,1086,1086,1086,20210900,20211200,20211200
2021-08-04 05:00:00,1071,1071,1071,20210900,20211200,20211200
2021-08-05 05:00:00,1063,1063,1063,20210900,20211200,20211200
2021-08-06 05:00:00,1065,1065,1065,20210900,20211200,20211200
2021-08-10 05:00:00,1083,1083,1083,20210900,20211200,20211200
2021-08-11 05:00:00,1089,1089,1089,20210900,20211200,20211200
2021-08-12 05:00:00,1076,1076,1076,20210900,20211200,20211200
2021-08-13 05:00:00,1069,1069,1069,20210900,20211200,20211200
2021-08-16 05:00:00,1031,1031,1031,20210900,20211200,20211200
2021-08-17 05:00:00,1009,1010,1010,20210900,20211200,20211200
2021-08-18 05:00:00,1038,1039,1039,20210900,20211200,20211200
2021-08-19 05:00:00,1034,1034,1034,20210900,20211200,20211200
2021-08-20 05:00:00,1035,1035,1035,20210900,20211200,20211200
2021-08-23 05:00:00,1064,1065,1065,20210900,20211200,20211200
2021-08-24 05:00:00,1073,1073,1073,20210900,20211200,20211200
2021-08-25 05:00:00,1083,1083,1083,20210900,20211200,20211200
2021-08-26 05:00:00,1096,1096,1096,20210900,20211200,20211200
2021-08-27 05:00:00,1092,1092,1092,20210900,20211200,20211200
2021-08-30 05:00:00,1115,1115,1115,20210900,20211200,20211200
2021-08-31 05:00:00,1135,1135,1135,20210900,20211200,20211200
2021-09-01 05:00:00,1136,1136,1136,20210900,20211200,20211200
2021-09-02 05:00:00,1120,1120,1120,20210900,20211200,20211200
2021-09-03 05:00:00,1117,1117,1117,20210900,20211200,20211200
2021-09-06 05:00:00,1136,1136,1136,20210900,20211200,20211200
2021-09-07 05:00:00,1149,1149,1149,20210900,20211200,20211200
2021-09-08 05:00:00,1158,1158,1158,20210900,20211200,20211200
2021-09-09 05:00:00,1150,1150,1150,20210900,20211200,20211200
2021-09-10 05:00:00,1178,1178,1178,20211200,20220300,20220300
2021-09-13 05:00:00,1182,1182,1182,20211200,20220300,20220300
2021-09-14 05:00:00,1188,1188,1188,20211200,20220300,20220300
2021-09-15 05:00:00,1184,1185,1185,20211200,20220300,20220300
2021-09-16 05:00:00,1141,1141,1141,20211200,20220300,20220300
2021-09-17 05:00:00,1165,1165,1165,20211200,20220300,20220300
2021-09-21 05:00:00,1139,1139,1139,20211200,20220300,20220300
2021-09-22 05:00:00,1128,1128,1128,20211200,20220300,20220300
2021-09-24 05:00:00,1163,1164,1164,20211200,20220300,20220300
2021-09-27 05:00:00,1158,1158,1158,20211200,20220300,20220300
2021-09-28 05:00:00,1127,1127,1127,20211200,20220300,20220300
2021-09-29 05:00:00,1121,1121,1121,20211200,20220300,20220300
2021-09-30 05:00:00,1128,1128,1128,20211200,20220300,20220300
2021-10-01 05:00:00,1131,1131,1131,20211200,20220300,20220300
2021-10-04 05:00:00,1104,1104,1104,20211200,20220300,20220300
2021-10-05 05:00:00,1078,1078,1078,20211200,20220300,20220300
2021-10-06 05:00:00,1064,1064,1064,20211200,20220300,20220300
2021-10-07 05:00:00,1084,1084,1084,20211200,20220300,20220300
2021-10-08 05:00:00,1106,1106,1106,20211200,20220300,20220300
2021-10-11 05:00:00,1123,1124,1124,20211200,20220300,20220300
2021-10-12 05:00:00,1100,1100,1100,20211200,20220300,20220300
2021-10-13 05:00:00,1090,1090,1090,20211200,20220300,20220300
2021-10-14 05:00:00,1099,1099,1099,20211200,20220300,20220300
2021-10-15 05:00:00,1126,1127,1127,20211200,20220300,20220300
2021-10-18 05:00:00,1116,1116,1116,20211200,20220300,20220300
2021-10-19 05:00:00,1142,1142,1142,20211200,20220300,20220300
2021-10-20 05:00:00,1140,1140,1140,20211200,20220300,20220300
2021-10-21 05:00:00,1114,1114,1114,20211200,20220300,20220300
2021-10-22 05:00:00,1112,1113,1113,20211200,20220300,20220300
2021-10-25 05:00:00,1098,1098,1098,20211200,20220300,20220300
2021-10-26 05:00:00,1121,1121,1121,20211200,20220300,20220300
2021-10-27 05:00:00,1110,1110,1110,20211200,20220300,20220300
2021-10-28 05:00:00,1119,1119,1119,20211200,20220300,20220300
2021-10-29 05:00:00,1107,1107,1107,20211200,20220300,20220300
2021-11-01 05:00:00,1131,1131,1131,20211200,20220300,20220300
2021-11-02 05:00:00,1139,1139,1139,20211200,20220300,20220300
2021-11-04 05:00:00,1144,1144,1144,20211200,20220300,20220300
2021-11-05 05:00:00,1152,1153,1153,20211200,20220300,20220300
2021-11-08 06:00:00,1125,1125,1125,20211200,20220300,20220300
2021-11-09 06:00:00,1112,1112,1112,20211200,20220300,20220300
2021-11-10 06:00:00,1118,1118,1118,20211200,20220300,20220300
2021-11-11 06:00:00,1113,1113,1113,20211200,20220300,20220300
2021-11-12 06:00:00,1138,1138,1138,20211200,20220300,20220300
2021-11-15 06:00:00,1160,1161,1161,20211200,20220300,20220300
2021-11-16 06:00:00,1176,1176,1176,20211200,20220300,20220300
2021-11-17 06:00:00,1176,1176,1176,20211200,20220300,20220300
2021-11-18 06:00:00,1170,1170,1170,20211200,20220300,20220300
2021-11-19 06:00:00,1154,1154,1154,20211200,20220300,20220300
2021-11-22 06:00:00,1167,1167,1167,20211200,20220300,20220300
2021-11-24 06:00:00,1143,1143,1143,20211200,20220300,20220300
2021-11-25 06:00:00,1138,1138,1138,20211200,20220300,20220300
2021-11-26 06:00:00,1129,1129,1129,20211200,20220300,20220300
2021-11-29 06:00:00,1096,1096,1096,20211200,20220300,20220300
2021-11-30 06:00:00,1071,1071,1071,20211200,20220300,20220300
2021-12-01 06:00:00,1061,1061,1061,20211200,20220300,20220300
2021-12-02 06:00:00,1029,1029,1029,20211200,20220300,20220300
2021-12-03 06:00:00,1049,1049,1049,20211200,20220300,20220300
2021-12-06 06:00:00,1009,1009,1009,20211200,20220300,20220300
2021-12-07 06:00:00,1040,1040,1040,20211200,20220300,20220300
2021-12-08 06:00:00,1063,1062,1062,20211200,20220300,20220300
2021-12-09 06:00:00,1055,1054,1054,20211200,20220300,20220300
2021-12-10 06:00:00,1030,1031,1031,20220300,20220600,20220600
2021-12-13 06:00:00,1024,1024,1024,20220300,20220600,20220600
2021-12-14 06:00:00,994,994,994,20220300,20220600,20220600
2021-12-15 06:00:00,1000,1000,1000,20220300,20220600,20220600
2021-12-16 06:00:00,1001,1001,1001,20220300,20220600,20220600
2021-12-17 06:00:00,964,964,964,20220300,20220600,20220600
2021-12-20 06:00:00,948,948,948,20220300,20220600,20220600
2021-12-21 06:00:00,965,965,965,20220300,20220600,20220600
2021-12-22 06:00:00,998,998,998,20220300,20220600,20220600
2021-12-23 06:00:00,995,995,995,20220300,20220600,20220600
2021-12-24 06:00:00,1003,1003,1003,20220300,20220600,20220600
2021-12-27 06:00:00,985,985,985,20220300,20220600,20220600
2021-12-28 06:00:00,990,990,990,20220300,20220600,20220600
2021-12-29 06:00:00,998,998,998,20220300,20220600,20220600
2021-12-30 06:00:00,988,988,988,20220300,20220600,20220600
2022-01-04 06:00:00,977,977,977,20220300,20220600,20220600
2022-01-05 06:00:00,928,928,928,20220300,20220600,20220600
2022-01-06 06:00:00,882,882,882,20220300,20220600,20220600
2022-01-07 06:00:00,883,883,883,20220300,20220600,20220600
2022-01-11 06:00:00,883,883,883,20220300,20220600,20220600
2022-01-12 06:00:00,907,907,907,20220300,20220600,20220600
2022-01-13 06:00:00,874,874,874,20220300,20220600,20220600
2022-01-14 06:00:00,845,845,845,20220300,20220600,20220600
2022-01-17 06:00:00,832,832,832,20220300,20220600,20220600
2022-01-18 06:00:00,838,837,837,20220300,20220600,20220600
2022-01-19 06:00:00,808,808,808,20220300,20220600,20220600
2022-01-20 06:00:00,825,825,825,20220300,20220600,20220600
2022-01-21 06:00:00,813,813,813,20220300,20220600,20220600
2022-01-24 06:00:00,811,811,811,20220300,20220600,20220600
2022-01-25 06:00:00,772,772,772,20220300,20220600,20220600
2022-01-26 06:00:00,780,780,780,20220300,20220600,20220600
2022-01-27 06:00:00,728,728,728,20220300,20220600,20220600
2022-01-28 06:00:00,731,731,731,20220300,20220600,20220600
2022-01-31 06:00:00,758,758,758,20220300,20220600,20220600
2022-02-01 06:00:00,773,773,773,20220300,20220600,20220600
2022-02-02 06:00:00,809,809,809,20220300,20220600,20220600
2022-02-03 06:00:00,775,775,775,20220300,20220600,20220600
2022-02-04 06:00:00,773,773,773,20220300,20220600,20220600
2022-02-07 06:00:00,752,752,752,20220300,20220600,20220600
2022-02-08 06:00:00,738,738,738,20220300,20220600,20220600
2022-02-09 06:00:00,757,757,757,20220300,20220600,20220600
2022-02-10 06:00:00,775,775,775,20220300,20220600,20220600
2022-02-14 06:00:00,740,740,740,20220300,20220600,20220600
2022-02-15 06:00:00,726,726,726,20220300,20220600,20220600
2022-02-16 06:00:00,735,735,735,20220300,20220600,20220600
2022-02-17 06:00:00,710,710,710,20220300,20220600,20220600
2022-02-18 06:00:00,709,709,709,20220300,20220600,20220600
2022-02-21 06:00:00,689,689,689,20220300,20220600,20220600
2022-02-22 06:00:00,681,681,681,20220300,20220600,20220600
2022-02-24 06:00:00,652,652,652,20220300,20220600,20220600
2022-02-25 06:00:00,701,701,701,20220300,20220600,20220600
2022-02-28 06:00:00,726,725,725,20220300,20220600,20220600
2022-03-01 06:00:00,776,776,776,20220300,20220600,20220600
2022-03-02 06:00:00,769,769,769,20220300,20220600,20220600
2022-03-03 06:00:00,756,756,756,20220300,20220600,20220600
2022-03-04 06:00:00,725,724,724,20220300,20220600,20220600
2022-03-07 06:00:00,692,692,692,20220300,20220600,20220600
2022-03-08 06:00:00,682,681,681,20220300,20220600,20220600
2022-03-09 06:00:00,670,669,669,20220300,20220600,20220600
2022-03-10 06:00:00,697,696,696,20220300,20220600,20220600
2022-03-11 06:00:00,670,670,670,20220600,20220900,20220900
2022-03-14 05:00:00,670,670,670,20220600,20220900,20220900
2022-03-15 05:00:00,667,667,667,20220600,20220900,20220900
2022-03-16 05:00:00,682,682,682,20220600,20220900,20220900
2022-03-17 05:00:00,714,714,714,20220600,20220900,20220900
2022-03-18 05:00:00,740,740,740,20220600,20220900,20220900
2022-03-22 05:00:00,726,726,726,20220600,20220900,20220900
2022-03-23 05:00:00,752,753,753,20220600,20220900,20220900
2022-03-24 05:00:00,762,763,763,20220600,20220900,20220900
2022-03-25 05:00:00,761,761,761,20220600,20220900,20220900
2022-03-28 05:00:00,732,732,732,20220600,20220900,20220900
2022-03-29 05:00:00,759,759,759,20220600,20220900,20220900
2022-03-30 05:00:00,790,790,790,20220600,20220900,20220900
2022-03-31 05:00:00,790,791,791,20220600,20220900,20220900
2022-04-01 05:00:00,793,793,793,20220600,20220900,20220900
2022-04-04 05:00:00,820,820,820,20220600,20220900,20220900
2022-04-05 05:00:00,842,842,842,20220600,20220900,20220900
2022-04-06 05:00:00,824,825,825,20220600,20220900,20220900
2022-04-07 05:00:00,789,789,789,20220600,20220900,20220900
2022-04-08 05:00:00,793,793,793,20220600,20220900,20220900
2022-04-11 05:00:00,761,761,761,20220600,20220900,20220900
2022-04-12 05:00:00,754,754,754,20220600,20220900,20220900
2022-04-13 05:00:00,786,786,786,20220600,20220900,20220900
2022-04-14 05:00:00,782,782,782,20220600,20220900,20220900
2022-04-15 05:00:00,766,766,766,20220600,20220900,20220900
2022-04-18 05:00:00,752,752,752,20220600,20220900,20220900
2022-04-19 05:00:00,744,745,745,20220600,20220900,20220900
2022-04-20 05:00:00,729,729,729,20220600,20220900,20220900
2022-04-21 05:00:00,722,722,722,20220600,20220900,20220900
2022-04-22 05:00:00,703,703,703,20220600,20220900,20220900
2022-04-25 05:00:00,694,694,694,20220600,20220900,20220900
2022-04-26 05:00:00,711,712,712,20220600,20220900,20220900
2022-04-27 05:00:00,700,701,701,20220600,20220900,20220900
2022-04-28 05:00:00,694,695,695,20220600,20220900,20220900
2022-05-02 05:00:00,692,692,692,20220600,20220900,20220900
2022-05-06 05:00:00,674,674,674,20220600,20220900,20220900
2022-05-09 05:00:00,652,653,653,20220600,20220900,20220900
2022-05-10 05:00:00,655,655,655,20220600,20220900,20220900
2022-05-11 05:00:00,661,661,661,20220600,20220900,20220900
2022-05-12 05:00:00,621,621,621,20220600,20220900,20220900
2022-05-13 05:00:00,649,649,649,20220600,20220900,20220900
2022-05-16 05:00:00,658,658,658,20220600,20220900,20220900
2022-05-17 05:00:00,645,646,646,20220600,20220900,20220900
2022-05-18 05:00:00,656,656,656,20220600,20220900,20220900
2022-05-19 05:00:00,641,641,641,20220600,20220900,20220900
2022-05-20 05:00:00,657,657,657,20220600,20220900,20220900
2022-05-23 05:00:00,675,675,675,20220600,20220900,20220900
2022-05-24 05:00:00,653,654,654,20220600,20220900,20220900
2022-05-25 05:00:00,637,637,637,20220600,20220900,20220900
2022-05-26 05:00:00,647,647,647,20220600,20220900,20220900
2022-05-27 05:00:00,645,645,645,20220600,20220900,20220900
2022-05-30 05:00:00,677,677,677,20220600,20220900,20220900
2022-05-31 05:00:00,671,671,671,20220600,20220900,20220900
2022-06-01 05:00:00,675,675,675,20220600,20220900,20220900
2022-06-02 05:00:00,661,660,660,20220600,20220900,20220900
2022-06-03 05:00:00,670,670,670,20220600,20220900,20220900
2022-06-06 05:00:00,676,676,676,20220600,20220900,20220900
2022-06-07 05:00:00,661,661,661,20220600,20220900,20220900
2022-06-08 05:00:00,679,679,679,20220600,20220900,20220900
2022-06-09 05:00:00,699,699,699,20220600,20220900,20220900
2022-06-10 05:00:00,687,687,687,20220900,20221200,20221200
2022-06-13 05:00:00,654,654,654,20220900,20221200,20221200
2022-06-14 05:00:00,655,655,655,20220900,20221200,20221200
2022-06-15 05:00:00,645,645,645,20220900,20221200,20221200
2022-06-16 05:00:00,636,636,636,20220900,20221200,20221200
2022-06-17 05:00:00,621,621,621,20220900,20221200,20221200
2022-06-20 05:00:00,615,615,615,20220900,20221200,20221200
2022-06-21 05:00:00,640,640,640,20220900,20221200,20221200
2022-06-22 05:00:00,630,630,630,20220900,20221200,20221200
2022-06-23 05:00:00,635,635,635,20220900,20221200,20221200
2022-06-24 05:00:00,672,672,672,20220900,20221200,20221200
2022-06-27 05:00:00,674,674,674,20220900,20221200,20221200
2022-06-28 05:00:00,677,677,677,20220900,20221200,20221200
2022-06-29 05:00:00,669,669,669,20220900,20221200,20221200
2022-06-30 05:00:00,662,662,662,20220900,20221200,20221200
2022-07-01 05:00:00,646,646,646,20220900,20221200,20221200
2022-07-04 05:00:00,654,654,654,20220900,20221200,20221200
2022-07-05 05:00:00,667,667,667,20220900,20221200,20221200
2022-07-06 05:00:00,680,680,680,20220900,20221200,20221200
2022-07-07 05:00:00,673,673,673,20220900,20221200,20221200
2022-07-08 05:00:00,683,683,683,20220900,20221200,20221200
2022-07-11 05:00:00,680,680,680,20220900,20221200,20221200
2022-07-12 05:00:00,670,670,670,20220900,20221200,20221200
2022-07-13 05:00:00,670,670,670,20220900,20221200,20221200
2022-07-14 05:00:00,682,682,682,20220900,20221200,20221200
2022-07-15 05:00:00,678,678,678,20220900,20221200,20221200
2022-07-19 05:00:00,684,684,684,20220900,20221200,20221200
2022-07-20 05:00:00,695,695,695,20220900,20221200,20221200
2022-07-21 05:00:00,715,715,715,20220900,20221200,20221200
2022-07-22 05:00:00,713,713,713,20220900,20221200,20221200
2022-07-25 05:00:00,699,699,699,20220900,20221200,20221200
2022-07-26 05:00:00,701,701,701,20220900,20221200,20221200
2022-07-27 05:00:00,705,705,705,20220900,20221200,20221200
2022-07-28 05:00:00,709,709,709,20220900,20221200,20221200
2022-07-29 05:00:00,719,719,719,20220900,20221200,20221200
2022-08-01 05:00:00,725,725,725,20220900,20221200,20221200
2022-08-02 05:00:00,716,716,716,20220900,20221200,20221200
2022-08-03 05:00:00,724,724,724,20220900,20221200,20221200
2022-08-04 05:00:00,736,736,736,20220900,20221200,20221200
2022-08-05 05:00:00,730,730,730,20220900,20221200,20221200
2022-08-08 05:00:00,720,720,720,20220900,20221200,20221200
2022-08-09 05:00:00,731,731,731,20220900,20221200,20221200
2022-08-10 05:00:00,709,709,709,20220900,20221200,20221200
2022-08-12 05:00:00,726,726,726,20220900,20221200,20221200
2022-08-15 05:00:00,731,731,731,20220900,20221200,20221200
2022-08-16 05:00:00,750,750,750,20220900,20221200,20221200
2022-08-17 05:00:00,762,762,762,20220900,20221200,20221200
2022-08-18 05:00:00,755,755,755,20220900,20221200,20221200
2022-08-19 05:00:00,748,748,748,20220900,20221200,20221200
2022-08-22 05:00:00,733,733,733,20220900,20221200,20221200
2022-08-23 05:00:00,733,733,733,20220900,20221200,20221200
2022-08-24 05:00:00,735,735,735,20220900,20221200,20221200
2022-08-25 05:00:00,744,744,744,20220900,20221200,20221200
2022-08-26 05:00:00,744,743,743,20220900,20221200,20221200
2022-08-29 05:00:00,727,727,727,20220900,20221200,20221200
2022-08-30 05:00:00,740,740,740,20220900,20221200,20221200
2022-08-31 05:00:00,742,742,742,20220900,20221200,20221200
2022-09-01 05:00:00,729,729,729,20220900,20221200,20221200
2022-09-02 05:00:00,718,718,718,20220900,20221200,20221200
2022-09-05 05:00:00,728,728,728,20220900,20221200,20221200
2022-09-06 05:00:00,731,731,731,20220900,20221200,20221200
2022-09-07 05:00:00,717,717,717,20220900,20221200,20221200
2022-09-08 05:00:00,724,724,724,20220900,20221200,20221200
2022-09-09 05:00:00,741,741,741,20221200,20230300,20230300
2022-09-12 05:00:00,754,754,754,20221200,20230300,20230300
2022-09-13 05:00:00,753,753,753,20221200,20230300,20230300
2022-09-14 05:00:00,744,744,744,20221200,20230300,20230300
2022-09-15 05:00:00,751,751,751,20221200,20230300,20230300
2022-09-16 05:00:00,737,736,736,20221200,20230300,20230300
2022-09-20 05:00:00,728,728,728,20221200,20230300,20230300
2022-09-21 05:00:00,710,710,710,20221200,20230300,20230300
2022-09-22 05:00:00,712,712,712,20221200,20230300,20230300
2022-09-26 05:00:00,694,694,694,20221200,20230300,20230300
2022-09-27 05:00:00,701,701,701,20221200,20230300,20230300
2022-09-28 05:00:00,688,688,688,20221200,20230300,20230300
2022-09-29 05:00:00,705,705,705,20221200,20230300,20230300
2022-09-30 05:00:00,695,695,695,20221200,20230300,20230300
2022-10-03 05:00:00,701,701,701,20221200,20230300,20230300
2022-10-04 05:00:00,724,724,724,20221200,20230300,20230300
2022-10-05 05:00:00,727,727,727,20221200,20230300,20230300
2022-10-06 05:00:00,735,735,735,20221200,20230300,20230300
2022-10-07 05:00:00,725,725,725,20221200,20230300,20230300
2022-10-11 05:00:00,717,717,717,20221200,20230300,20230300
2022-10-12 05:00:00,714,713,713,20221200,20230300,20230300
2022-10-13 05:00:00,699,699,699,20221200,20230300,20230300
2022-10-14 05:00:00,716,715,715,20221200,20230300,20230300
2022-10-17 05:00:00,715,715,715,20221200,20230300,20230300
2022-10-18 05:00:00,733,733,733,20221200,20230300,20230300
2022-10-19 05:00:00,733,733,733,20221200,20230300,20230300
2022-10-20 05:00:00,728,728,728,20221200,20230300,20230300
2022-10-21 05:00:00,724,724,724,20221200,20230300,20230300
2022-10-24 05:00:00,726,726,726,20221200,20230300,20230300
2022-10-25 05:00:00,738,737,737,20221200,20230300,20230300
2022-10-26 05:00:00,748,748,748,20221200,20230300,20230300
2022-10-27 05:00:00,748,748,748,20221200,20230300,20230300
2022-10-28 05:00:00,746,746,746,20221200,20230300,20230300
2022-10-31 05:00:00,746,745,745,20221200,20230300,20230300
2022-11-01 05:00:00,745,745,745,20221200,20230300,20230300
2022-11-02 05:00:00,738,738,738,20221200,20230300,20230300
2022-11-04 05:00:00,732,731,731,20221200,20230300,20230300
2022-11-07 06:00:00,733,733,733,20221200,20230300,20230300
2022-11-08 06:00:00,741,741,741,20221200,20230300,20230300
2022-11-09 06:00:00,738,738,738,20221200,20230300,20230300
2022-11-10 06:00:00,735,735,735,20221200,20230300,20230300
2022-11-11 06:00:00,761,760,760,20221200,20230300,20230300
2022-11-14 06:00:00,774,773,773,20221200,20230300,20230300
2022-11-15 06:00:00,780,780,780,20221200,20230300,20230300
2022-11-16 06:00:00,791,791,791,20221200,20230300,20230300
2022-11-17 06:00:00,790,790,790,20221200,20230300,20230300
2022-11-18 06:00:00,783,782,782,20221200,20230300,20230300
2022-11-21 06:00:00,783,783,783,20221200,20230300,20230300
2022-11-22 06:00:00,780,780,780,20221200,20230300,20230300
2022-11-24 06:00:00,797,796,796,20221200,20230300,20230300
2022-11-25 06:00:00,800,799,799,20221200,20230300,20230300
2022-11-28 06:00:00,801,801,801,20221200,20230300,20230300
2022-11-29 06:00:00,803,803,803,20221200,20230300,20230300
2022-11-30 06:00:00,793,793,793,20221200,20230300,20230300
2022-12-01 06:00:00,806,806,806,20221200,20230300,20230300
2022-12-02 06:00:00,799,799,799,20221200,20230300,20230300
2022-12-05 06:00:00,787,787,787,20221200,20230300,20230300
2022-12-06 06:00:00,774,774,774,20221200,20230300,20230300
2022-12-07 06:00:00,779,779,779,20221200,20230300,20230300
2022-12-08 06:00:00,775,774,774,20221200,20230300,20230300
2022-12-09 06:00:00,787,787,787,20230300,20230600,20230600
2022-12-12 06:00:00,783,783,783,20230300,20230600,20230600
2022-12-13 06:00:00,785,785,785,20230300,20230600,20230600
2022-12-14 06:00:00,791,791,791,20230300,20230600,20230600
2022-12-15 06:00:00,786,786,786,20230300,20230600,20230600
2022-12-16 06:00:00,774,774,774,20230300,20230600,20230600
2022-12-19 06:00:00,762,762,762,20230300,20230600,20230600
2022-12-20 06:00:00,726,726,726,20230300,20230600,20230600
2022-12-21 06:00:00,721,721,721,20230300,20230600,20230600
2022-12-22 06:00:00,721,721,721,20230300,20230600,20230600
2022-12-23 06:00:00,707,707,707,20230300,20230600,20230600
2022-12-26 06:00:00,704,704,704,20230300,20230600,20230600
2022-12-27 06:00:00,720,720,720,20230300,20230600,20230600
2022-12-28 06:00:00,711,711,711,20230300,20230600,20230600
2022-12-29 06:00:00,721,721,721,20230300,20230600,20230600
2022-12-30 06:00:00,730,730,730,20230300,20230600,20230600
2023-01-04 06:00:00,712,712,712,20230300,20230600,20230600
2023-01-05 06:00:00,714,714,714,20230300,20230600,20230600
2023-01-06 06:00:00,720,720,720,20230300,20230600,20230600
2023-01-10 06:00:00,731,731,731,20230300,20230600,20230600
2023-01-11 06:00:00,748,748,748,20230300,20230600,20230600
2023-01-12 06:00:00,744,744,744,20230300,20230600,20230600
2023-01-13 06:00:00,737,737,737,20230300,20230600,20230600
2023-01-16 06:00:00,726,726,726,20230300,20230600,20230600
2023-01-17 06:00:00,722,722,722,20230300,20230600,20230600
2023-01-18 06:00:00,740,739,739,20230300,20230600,20230600
2023-01-19 06:00:00,745,745,745,20230300,20230600,20230600
2023-01-20 06:00:00,754,753,753,20230300,20230600,20230600
2023-01-23 06:00:00,772,771,771,20230300,20230600,20230600
2023-01-24 06:00:00,773,772,772,20230300,20230600,20230600
2023-01-25 06:00:00,778,778,778,20230300,20230600,20230600
2023-01-26 06:00:00,777,777,777,20230300,20230600,20230600
2023-01-27 06:00:00,771,771,771,20230300,20230600,20230600
2023-01-30 06:00:00,774,774,774,20230300,20230600,20230600
2023-01-31 06:00:00,776,776,776,20230300,20230600,20230600
2023-02-01 06:00:00,783,783,783,20230300,20230600,20230600
2023-02-02 06:00:00,785,785,785,20230300,20230600,20230600
2023-02-03 06:00:00,784,784,784,20230300,20230600,20230600
2023-02-06 06:00:00,776,776,776,20230300,20230600,20230600
2023-02-07 06:00:00,782,782,782,20230300,20230600,20230600
2023-02-08 06:00:00,793,792,792,20230300,20230600,20230600
2023-02-09 06:00:00,794,794,794,20230300,20230600,20230600
2023-02-10 06:00:00,781,781,781,20230300,20230600,20230600
2023-02-13 06:00:00,764,764,764,20230300,20230600,20230600
2023-02-14 06:00:00,772,772,772,20230300,20230600,20230600
2023-02-15 06:00:00,765,765,765,20230300,20230600,20230600
2023-02-16 06:00:00,780,780,780,20230300,20230600,20230600
2023-02-17 06:00:00,766,766,766,20230300,20230600,20230600
2023-02-20 06:00:00,767,767,767,20230300,20230600,20230600
2023-02-21 06:00:00,764,764,764,20230300,20230600,20230600
2023-02-22 06:00:00,753,753,753,20230300,20230600,20230600
2023-02-24 06:00:00,749,748,748,20230300,20230600,20230600
2023-02-27 06:00:00,736,736,736,20230300,20230600,20230600
2023-02-28 06:00:00,749,748,748,20230300,20230600,20230600
2023-03-01 06:00:00,745,745,745,20230300,20230600,20230600
2023-03-02 06:00:00,749,749,749,20230300,20230600,20230600
2023-03-03 06:00:00,759,758,758,20230300,20230600,20230600
2023-03-06 06:00:00,766,766,766,20230300,20230600,20230600
2023-03-07 06:00:00,773,773,773,20230300,20230600,20230600
2023-03-08 06:00:00,774,773,773,20230300,20230600,20230600
2023-03-09 06:00:00,776,776,776,20230300,20230600,20230600
2023-03-10 06:00:00,762,762,762,20230600,20230900,20230900
2023-03-13 05:00:00,755,756,756,20230600,20230900,20230900
2023-03-14 05:00:00,738,738,738,20230600,20230900,20230900
2023-03-15 05:00:00,742,742,742,20230600,20230900,20230900
2023-03-16 05:00:00,736,736,736,20230600,20230900,20230900
2023-03-17 05:00:00,762,762,762,20230600,20230900,20230900
2023-03-20 05:00:00,732,732,732,20230600,20230900,20230900
2023-03-22 05:00:00,745,745,745,20230600,20230900,20230900
2023-03-23 05:00:00,754,754,754,20230600,20230900,20230900
2023-03-24 05:00:00,754,754,754,20230600,20230900,20230900
2023-03-27 05:00:00,751,751,751,20230600,20230900,20230900
2023-03-28 05:00:00,740,740,740,20230600,20230900,20230900
2023-03-29 05:00:00,746,746,746,20230600,20230900,20230900
2023-03-30 05:00:00,747,748,748,20230600,20230900,20230900
2023-03-31 05:00:00,749,750,750,20230600,20230900,20230900
2023-04-03 05:00:00,763,763,763,20230600,20230900,20230900
2023-04-04 05:00:00,754,754,754,20230600,20230900,20230900
2023-04-05 05:00:00,739,739,739,20230600,20230900,20230900
2023-04-06 05:00:00,734,734,734,20230600,20230900,20230900
2023-04-07 05:00:00,730,731,731,20230600,20230900,20230900
2023-04-10 05:00:00,739,739,739,20230600,20230900,20230900
2023-04-11 05:00:00,744,745,745,20230600,20230900,20230900
2023-04-12 05:00:00,745,745,745,20230600,20230900,20230900
2023-04-13 05:00:00,751,751,751,20230600,20230900,20230900
2023-04-14 05:00:00,757,757,757,20230600,20230900,20230900
2023-04-17 05:00:00,756,756,756,20230600,20230900,20230900
2023-04-18 05:00:00,766,766,766,20230600,20230900,20230900
2023-04-19 05:00:00,763,764,764,20230600,20230900,20230900
2023-04-20 05:00:00,766,766,766,20230600,20230900,20230900
2023-04-21 05:00:00,753,753,753,20230600,20230900,20230900
2023-04-24 05:00:00,754,754,754,20230600,20230900,20230900
2023-04-25 05:00:00,751,751,751,20230600,20230900,20230900
2023-04-26 05:00:00,739,739,739,20230600,20230900,20230900
2023-04-27 05:00:00,738,738,738,20230600,20230900,20230900
2023-04-28 05:00:00,745,745,745,20230600,20230900,20230900
2023-05-01 05:00:00,742,742,742,20230600,20230900,20230900
2023-05-02 05:00:00,744,744,744,20230600,20230900,20230900
2023-05-08 05:00:00,755,755,755,20230600,20230900,20230900
2023-05-09 05:00:00,761,761,761,20230600,20230900,20230900
2023-05-10 05:00:00,752,752,752,20230600,20230900,20230900
2023-05-11 05:00:00,757,757,757,20230600,20230900,20230900
2023-05-12 05:00:00,748,748,748,20230600,20230900,20230900
2023-05-15 05:00:00,750,750,750,20230600,20230900,20230900
2023-05-16 05:00:00,746,746,746,20230600,20230900,20230900
2023-05-17 05:00:00,747,747,747,20230600,20230900,20230900
2023-05-18 05:00:00,739,739,739,20230600,20230900,20230900
2023-05-19 05:00:00,748,748,748,20230600,20230900,20230900
2023-05-22 05:00:00,753,753,753,20230600,20230900,20230900
2023-05-23 05:00:00,749,749,749,20230600,20230900,20230900
2023-05-24 05:00:00,746,746,746,20230600,20230900,20230900
2023-05-25 05:00:00,737,737,737,20230600,20230900,20230900
2023-05-26 05:00:00,726,726,726,20230600,20230900,20230900
2023-05-29 05:00:00,733,733,733,20230600,20230900,20230900
2023-05-30 05:00:00,748,747,747,20230600,20230900,20230900
2023-05-31 05:00:00,748,748,748,20230600,20230900,20230900
2023-06-01 05:00:00,747,747,747,20230600,20230900,20230900
2023-06-02 05:00:00,758,758,758,20230600,20230900,20230900
2023-06-05 05:00:00,777,777,777,20230600,20230900,20230900
2023-06-06 05:00:00,784,784,784,20230600,20230900,20230900
2023-06-07 05:00:00,786,786,786,20230600,20230900,20230900
2023-06-08 05:00:00,769,769,769,20230600,20230900,20230900
2023-06-09 05:00:00,773,772,772,20230900,20231200,20231200
2023-06-12 05:00:00,797,797,797,20230900,20231200,20231200
2023-06-13 05:00:00,806,806,806,20230900,20231200,20231200
2023-06-14 05:00:00,798,797,797,20230900,20231200,20231200
2023-06-15 05:00:00,795,795,795,20230900,20231200,20231200
2023-06-16 05:00:00,830,830,830,20230900,20231200,20231200
2023-06-19 05:00:00,852,852,852,20230900,20231200,20231200
2023-06-20 05:00:00,858,858,858,20230900,20231200,20231200
2023-06-21 05:00:00,865,864,864,20230900,20231200,20231200
2023-06-22 05:00:00,845,845,845,20230900,20231200,20231200
2023-06-23 05:00:00,830,830,830,20230900,20231200,20231200
2023-06-26 05:00:00,811,811,811,20230900,20231200,20231200
2023-06-27 05:00:00,798,798,798,20230900,20231200,20231200
2023-06-28 05:00:00,806,806,806,20230900,20231200,20231200
2023-06-29 05:00:00,811,810,810,20230900,20231200,20231200
2023-06-30 05:00:00,816,816,816,20230900,20231200,20231200
2023-07-03 05:00:00,819,818,818,20230900,20231200,20231200
2023-07-04 05:00:00,818,817,817,20230900,20231200,20231200
2023-07-05 05:00:00,811,810,810,20230900,20231200,20231200
2023-07-06 05:00:00,786,786,786,20230900,20231200,20231200
2023-07-07 05:00:00,787,787,787,20230900,20231200,20231200
2023-07-10 05:00:00,782,782,782,20230900,20231200,20231200
2023-07-11 05:00:00,788,788,788,20230900,20231200,20231200
2023-07-12 05:00:00,773,773,773,20230900,20231200,20231200
2023-07-13 05:00:00,790,789,789,20230900,20231200,20231200
2023-07-14 05:00:00,785,784,784,20230900,20231200,20231200
2023-07-18 05:00:00,785,784,784,20230900,20231200,20231200
2023-07-19 05:00:00,789,789,789,20230900,20231200,20231200
2023-07-20 05:00:00,777,777,777,20230900,20231200,20231200
2023-07-21 05:00:00,765,765,765,20230900,20231200,20231200
2023-07-24 05:00:00,770,770,770,20230900,20231200,20231200
2023-07-25 05:00:00,768,768,768,20230900,20231200,20231200
2023-07-26 05:00:00,770,770,770,20230900,20231200,20231200
2023-07-27 05:00:00,772,772,772,20230900,20231200,20231200
2023-07-28 05:00:00,764,764,764,20230900,20231200,20231200
2023-07-31 05:00:00,777,777,777,20230900,20231200,20231200
2023-08-01 05:00:00,781,780,780,20230900,20231200,20231200
2023-08-02 05:00:00,772,772,772,20230900,20231200,20231200
2023-08-03 05:00:00,761,761,761,20230900,20231200,20231200
2023-08-04 05:00:00,764,764,764,20230900,20231200,20231200
2023-08-07 05:00:00,771,770,770,20230900,20231200,20231200
2023-08-08 05:00:00,758,758,758,20230900,20231200,20231200
2023-08-09 05:00:00,762,762,762,20230900,20231200,20231200
2023-08-10 05:00:00,759,759,759,20230900,20231200,20231200
2023-08-14 05:00:00,749,748,748,20230900,20231200,20231200
2023-08-15 05:00:00,741,741,741,20230900,20231200,20231200
2023-08-16 05:00:00,726,726,726,20230900,20231200,20231200
2023-08-17 05:00:00,721,721,721,20230900,20231200,20231200
2023-08-18 05:00:00,714,714,714,20230900,20231200,20231200
2023-08-21 05:00:00,734,734,734,20230900,20231200,20231200
2023-08-22 05:00:00,735,735,735,20230900,20231200,20231200
2023-08-23 05:00:00,746,745,745,20230900,20231200,20231200
2023-08-24 05:00:00,743,743,743,20230900,20231200,20231200
2023-08-25 05:00:00,745,744,744,20230900,20231200,20231200
2023-08-28 05:00:00,748,747,747,20230900,20231200,20231200
2023-08-29 05:00:00,765,764,764,20230900,20231200,20231200
2023-08-30 05:00:00,762,761,761,20230900,20231200,20231200
2023-08-31 05:00:00,760,760,760,20230900,20231200,20231200
2023-09-01 05:00:00,759,758,758,20230900,20231200,20231200
2023-09-04 05:00:00,758,758,758,20230900,20231200,20231200
2023-09-05 05:00:00,769,768,768,20230900,20231200,20231200
2023-09-06 05:00:00,767,766,766,20230900,20231200,20231200
2023-09-07 05:00:00,755,755,755,20230900,20231200,20231200
2023-09-08 05:00:00,750,750,750,20231200,20240300,20240300
2023-09-11 05:00:00,735,735,735,20231200,20240300,20240300
2023-09-12 05:00:00,738,738,738,20231200,20240300,20240300
2023-09-13 05:00:00,737,737,737,20231200,20240300,20240300
2023-09-14 05:00:00,740,740,740,20231200,20240300,20240300
2023-09-15 05:00:00,739,739,739,20231200,20240300,20240300
2023-09-19 05:00:00,737,736,736,20231200,20240300,20240300
2023-09-20 05:00:00,731,731,731,20231200,20240300,20240300
2023-09-21 05:00:00,712,712,712,20231200,20240300,20240300
2023-09-22 05:00:00,726,726,726,20231200,20240300,20240300
2023-09-25 05:00:00,731,731,731,20231200,20240300,20240300
2023-09-26 05:00:00,721,721,721,20231200,20240300,20240300
2023-09-27 05:00:00,730,730,730,20231200,20240300,20240300
2023-09-28 05:00:00,725,725,725,20231200,20240300,20240300
2023-09-29 05:00:00,729,729,729,20231200,20240300,20240300
2023-10-02 05:00:00,717,717,717,20231200,20240300,20240300
2023-10-03 05:00:00,698,698,698,20231200,20240300,20240300
2023-10-04 05:00:00,678,677,677,20231200,20240300,20240300
2023-10-05 05:00:00,700,700,700,20231200,20240300,20240300
2023-10-06 05:00:00,701,701,701,20231200,20240300,20240300
2023-10-10 05:00:00,708,708,708,20231200,20240300,20240300
2023-10-11 05:00:00,699,699,699,20231200,20240300,20240300
2023-10-12 05:00:00,708,708,708,20231200,20240300,20240300
2023-10-13 05:00:00,683,683,683,20231200,20240300,20240300
2023-10-16 05:00:00,660,660,660,20231200,20240300,20240300
2023-10-17 05:00:00,666,666,666,20231200,20240300,20240300
2023-10-18 05:00:00,673,672,672,20231200,20240300,20240300
2023-10-19 05:00:00,659,659,659,20231200,20240300,20240300
2023-10-20 05:00:00,657,657,657,20231200,20240300,20240300
2023-10-23 05:00:00,635,635,635,20231200,20240300,20240300
2023-10-24 05:00:00,651,650,650,20231200,20240300,20240300
2023-10-25 05:00:00,647,647,647,20231200,20240300,20240300
2023-10-26 05:00:00,632,632,632,20231200,20240300,20240300
2023-10-27 05:00:00,642,641,641,20231200,20240300,20240300
2023-10-30 05:00:00,641,641,641,20231200,20240300,20240300
2023-10-31 05:00:00,648,648,648,20231200,20240300,20240300
2023-11-01 05:00:00,642,642,642,20231200,20240300,20240300
2023-11-02 05:00:00,664,664,664,20231200,20240300,20240300
2023-11-06 06:00:00,693,693,693,20231200,20240300,20240300
2023-11-07 06:00:00,693,693,693,20231200,20240300,20240300
2023-11-08 06:00:00,689,689,689,20231200,20240300,20240300
2023-11-09 06:00:00,692,692,692,20231200,20240300,20240300
2023-11-10 06:00:00,679,679,679,20231200,20240300,20240300
2023-11-13 06:00:00,678,678,678,20231200,20240300,20240300
2023-11-14 06:00:00,672,672,672,20231200,20240300,20240300
2023-11-15 06:00:00,692,692,692,20231200,20240300,20240300
2023-11-16 06:00:00,691,691,691,20231200,20240300,20240300
2023-11-17 06:00:00,694,694,694,20231200,20240300,20240300
2023-11-20 06:00:00,710,710,710,20231200,20240300,20240300
2023-11-21 06:00:00,723,723,723,20231200,20240300,20240300
2023-11-22 06:00:00,713,713,713,20231200,20240300,20240300
2023-11-24 06:00:00,717,717,717,20231200,20240300,20240300
2023-11-27 06:00:00,713,712,712,20231200,20240300,20240300
2023-11-28 06:00:00,711,711,711,20231200,20240300,20240300
2023-11-29 06:00:00,721,721,721,20231200,20240300,20240300
2023-11-30 06:00:00,717,716,716,20231200,20240300,20240300
2023-12-01 06:00:00,701,700,700,20231200,20240300,20240300
2023-12-04 06:00:00,713,713,713,20231200,20240300,20240300
2023-12-05 06:00:00,694,693,693,20231200,20240300,20240300
2023-12-06 06:00:00,698,698,698,20231200,20240300,20240300
2023-12-07 06:00:00,682,682,682,20231200,20240300,20240300
2023-12-08 06:00:00,675,674,674,20240300,20240600,20240600
2023-12-11 06:00:00,677,676,676,20240300,20240600,20240600
2023-12-12 06:00:00,663,663,663,20240300,20240600,20240600
2023-12-13 06:00:00,665,664,664,20240300,20240600,20240600
2023-12-14 06:00:00,662,661,661,20240300,20240600,20240600
2023-12-15 06:00:00,677,677,677,20240300,20240600,20240600
2023-12-18 06:00:00,673,672,672,20240300,20240600,20240600
2023-12-19 06:00:00,686,686,686,20240300,20240600,20240600
2023-12-20 06:00:00,688,687,687,20240300,20240600,20240600
2023-12-21 06:00:00,680,679,679,20240300,20240600,20240600
2023-12-22 06:00:00,677,677,677,20240300,20240600,20240600
2023-12-25 06:00:00,674,673,673,20240300,20240600,20240600
2023-12-26 06:00:00,674,674,674,20240300,20240600,20240600
2023-12-27 06:00:00,691,691,691,20240300,20240600,20240600
2023-12-28 06:00:00,708,707,707,20240300,20240600,20240600
2023-12-29 06:00:00,706,706,706,20240300,20240600,20240600
2024-01-04 06:00:00,713,712,712,20240300,20240600,20240600
2024-01-05 06:00:00,694,694,694,20240300,20240600,20240600
2024-01-09 06:00:00,706,705,705,20240300,20240600,20240600
2024-01-10 06:00:00,708,707,707,20240300,20240600,20240600
2024-01-11 06:00:00,706,706,706,20240300,20240600,20240600
2024-01-12 06:00:00,709,708,708,20240300,20240600,20240600
2024-01-15 06:00:00,710,710,710,20240300,20240600,20240600
2024-01-16 06:00:00,707,706,706,20240300,20240600,20240600
2024-01-17 06:00:00,689,689,689,20240300,20240600,20240600
2024-01-18 06:00:00,686,685,685,20240300,20240600,20240600
2024-01-19 06:00:00,692,692,692,20240300,20240600,20240600
2024-01-22 06:00:00,709,709,709,20240300,20240600,20240600
2024-01-23 06:00:00,707,707,707,20240300,20240600,20240600
2024-01-24 06:00:00,710,709,709,20240300,20240600,20240600
2024-01-25 06:00:00,719,718,718,20240300,20240600,20240600
2024-01-26 06:00:00,714,714,714,20240300,20240600,20240600
2024-01-29 06:00:00,711,710,710,20240300,20240600,20240600
2024-01-30 06:00:00,715,714,714,20240300,20240600,20240600
2024-01-31 06:00:00,712,711,711,20240300,20240600,20240600
2024-02-01 06:00:00,702,702,702,20240300,20240600,20240600
2024-02-02 06:00:00,707,706,706,20240300,20240600,20240600
2024-02-05 06:00:00,715,715,715,20240300,20240600,20240600
2024-02-06 06:00:00,716,716,716,20240300,20240600,20240600
2024-02-07 06:00:00,710,709,709,20240300,20240600,20240600
2024-02-08 06:00:00,709,708,708,20240300,20240600,20240600
2024-02-09 06:00:00,709,709,709,20240300,20240600,20240600
2024-02-13 06:00:00,720,720,720,20240300,20240600,20240600
2024-02-14 06:00:00,723,722,722,20240300,20240600,20240600
2024-02-15 06:00:00,726,725,725,20240300,20240600,20240600
2024-02-16 06:00:00,753,753,753,20240300,20240600,20240600
2024-02-19 06:00:00,765,765,765,20240300,20240600,20240600
2024-02-20 06:00:00,765,765,765,20240300,20240600,20240600
2024-02-21 06:00:00,745,745,745,20240300,20240600,20240600
2024-02-22 06:00:00,742,741,741,20240300,20240600,20240600
2024-02-26 06:00:00,764,763,763,20240300,20240600,20240600
2024-02-27 06:00:00,775,775,775,20240300,20240600,20240600
2024-02-28 06:00:00,780,779,779,20240300,20240600,20240600
2024-02-29 06:00:00,772,772,772,20240300,20240600,20240600
2024-03-01 06:00:00,764,763,763,20240300,20240600,20240600
2024-03-04 06:00:00,767,766,766,20240300,20240600,20240600
2024-03-05 06:00:00,767,767,767,20240300,20240600,20240600
2024-03-06 06:00:00,776,775,775,20240300,20240600,20240600
2024-03-07 06:00:00,766,765,765,20240300,20240600,20240600
2024-03-08 06:00:00,754,754,754,20240600,20240900,20240900
2024-03-11 05:00:00,737,737,737,20240600,20240900,20240900
2024-03-12 05:00:00,751,751,751,20240600,20240900,20240900
2024-03-13 05:00:00,738,739,739,20240600,20240900,20240900
2024-03-14 05:00:00,737,738,738,20240600,20240900,20240900
2024-03-15 05:00:00,721,721,721,20240600,20240900,20240900
2024-03-18 05:00:00,740,740,740,20240600,20240900,20240900
2024-03-19 05:00:00,745,746,746,20240600,20240900,20240900
2024-03-21 05:00:00,755,755,755,20240600,20240900,20240900
2024-03-22 05:00:00,755,755,755,20240600,20240900,20240900
2024-03-25 05:00:00,750,750,750,20240600,20240900,20240900
2024-03-26 05:00:00,743,744,744,20240600,20240900,20240900
2024-03-27 05:00:00,739,739,739,20240600,20240900,20240900
2024-03-28 05:00:00,735,735,735,20240600,20240900,20240900
2024-03-29 05:00:00,747,747,747,20240600,20240900,20240900
2024-04-01 05:00:00,735,735,735,20240600,20240900,20240900
2024-04-02 05:00:00,714,714,714,20240600,20240900,20240900
2024-04-03 05:00:00,700,701,701,20240600,20240900,20240900
2024-04-04 05:00:00,696,697,697,20240600,20240900,20240900
2024-04-05 05:00:00,691,691,691,20240600,20240900,20240900
2024-04-08 05:00:00,697,698,698,20240600,20240900,20240900
2024-04-09 05:00:00,702,702,702,20240600,20240900,20240900
2024-04-10 05:00:00,702,703,703,20240600,20240900,20240900
2024-04-11 05:00:00,692,692,692,20240600,20240900,20240900
2024-04-12 05:00:00,687,688,688,20240600,20240900,20240900
2024-04-15 05:00:00,681,681,681,20240600,20240900,20240900
2024-04-16 05:00:00,662,662,662,20240600,20240900,20240900
2024-04-17 05:00:00,650,650,650,20240600,20240900,20240900
2024-04-18 05:00:00,660,660,660,20240600,20240900,20240900
2024-04-19 05:00:00,639,639,639,20240600,20240900,20240900
2024-04-22 05:00:00,651,652,652,20240600,20240900,20240900
2024-04-23 05:00:00,651,651,651,20240600,20240900,20240900
2024-04-24 05:00:00,656,656,656,20240600,20240900,20240900
2024-04-25 05:00:00,640,640,640,20240600,20240900,20240900
2024-04-26 05:00:00,645,645,645,20240600,20240900,20240900
2024-04-30 05:00:00,648,648,648,20240600,20240900,20240900
2024-05-01 05:00:00,646,646,646,20240600,20240900,20240900
2024-05-02 05:00:00,643,643,643,20240600,20240900,20240900
2024-05-07 05:00:00,656,657,657,20240600,20240900,20240900
2024-05-08 05:00:00,655,655,655,20240600,20240900,20240900
2024-05-09 05:00:00,653,653,653,20240600,20240900,20240900
2024-05-10 05:00:00,650,650,650,20240600,20240900,20240900
2024-05-13 05:00:00,651,651,651,20240600,20240900,20240900
2024-05-14 05:00:00,659,659,659,20240600,20240900,20240900
2024-05-15 05:00:00,644,644,644,20240600,20240900,20240900
2024-05-16 05:00:00,635,635,635,20240600,20240900,20240900
2024-05-17 05:00:00,633,633,633,20240600,20240900,20240900
2024-05-20 05:00:00,642,643,643,20240600,20240900,20240900
2024-05-21 05:00:00,633,634,634,20240600,20240900,20240900
2024-05-22 05:00:00,625,625,625,20240600,20240900,20240900
2024-05-23 05:00:00,616,616,616,20240600,20240900,20240900
2024-05-24 05:00:00,608,608,608,20240600,20240900,20240900
2024-05-27 05:00:00,614,614,614,20240600,20240900,20240900
2024-05-28 05:00:00,619,619,619,20240600,20240900,20240900
2024-05-29 05:00:00,603,603,603,20240600,20240900,20240900
2024-05-30 05:00:00,602,602,602,20240600,20240900,20240900
2024-05-31 05:00:00,619,619,619,20240600,20240900,20240900
2024-06-03 05:00:00,617,617,617,20240600,20240900,20240900
2024-06-04 05:00:00,631,631,631,20240600,20240900,20240900
2024-06-05 05:00:00,623,623,623,20240600,20240900,20240900
2024-06-06 05:00:00,613,613,613,20240600,20240900,20240900
2024-06-07 05:00:00,622,622,622,20240600,20240900,20240900
2024-06-10 05:00:00,626,626,626,20240600,20240900,20240900
2024-06-11 05:00:00,632,631,631,20240900,20241200,20241200
2024-06-12 05:00:00,635,634,634,20240900,20241200,20241200
2024-06-13 05:00:00,635,635,635,20240900,20241200,20241200
2024-06-14 05:00:00,639,639,639,20240900,20241200,20241200
2024-06-17 05:00:00,638,638,638,20240900,20241200,20241200
2024-06-18 05:00:00,633,633,633,20240900,20241200,20241200
2024-06-19 05:00:00,629,628,628,20240900,20241200,20241200
2024-06-20 05:00:00,638,638,638,20240900,20241200,20241200
2024-06-21 05:00:00,638,638,638,20240900,20241200,20241200
2024-06-24 05:00:00,639,639,639,20240900,20241200,20241200
2024-06-25 05:00:00,647,647,647,20240900,20241200,20241200
2024-06-26 05:00:00,655,655,655,20240900,20241200,20241200
2024-06-27 05:00:00,669,668,668,20240900,20241200,20241200
2024-06-28 05:00:00,662,661,661,20240900,20241200,20241200
2024-07-01 05:00:00,649,649,649,20240900,20241200,20241200
2024-07-02 05:00:00,646,646,646,20240900,20241200,20241200
2024-07-03 05:00:00,653,653,653,20240900,20241200,20241200
2024-07-04 05:00:00,654,654,654,20240900,20241200,20241200
2024-07-05 05:00:00,658,658,658,20240900,20241200,20241200
2024-07-08 05:00:00,659,659,659,20240900,20241200,20241200
2024-07-09 05:00:00,658,658,658,20240900,20241200,20241200
2024-07-10 05:00:00,655,655,655,20240900,20241200,20241200
2024-07-11 05:00:00,656,656,656,20240900,20241200,20241200
2024-07-12 05:00:00,677,677,677,20240900,20241200,20241200
2024-07-16 05:00:00,681,681,681,20240900,20241200,20241200
2024-07-17 05:00:00,695,695,695,20240900,20241200,20241200
2024-07-18 05:00:00,690,690,690,20240900,20241200,20241200
2024-07-19 05:00:00,676,676,676,20240900,20241200,20241200
2024-07-22 05:00:00,657,657,657,20240900,20241200,20241200
2024-07-23 05:00:00,661,661,661,20240900,20241200,20241200
2024-07-24 05:00:00,648,648,648,20240900,20241200,20241200
2024-07-25 05:00:00,641,641,641,20240900,20241200,20241200
2024-07-26 05:00:00,643,643,643,20240900,20241200,20241200
2024-07-29 05:00:00,655,655,655,20240900,20241200,20241200
2024-07-30 05:00:00,646,646,646,20240900,20241200,20241200
2024-07-31 05:00:00,648,648,648,20240900,20241200,20241200
2024-08-01 05:00:00,623,623,623,20240900,20241200,20241200
2024-08-02 05:00:00,576,576,576,20240900,20241200,20241200
2024-08-05 05:00:00,485,485,485,20240900,20241200,20241200
2024-08-06 05:00:00,534,534,534,20240900,20241200,20241200
2024-08-07 05:00:00,551,551,551,20240900,20241200,20241200
2024-08-08 05:00:00,558,558,558,20240900,20241200,20241200
2024-08-09 05:00:00,562,562,562,20240900,20241200,20241200
2024-08-13 05:00:00,582,582,582,20240900,20241200,20241200
2024-08-14 05:00:00,593,593,593,20240900,20241200,20241200
2024-08-15 05:00:00,593,593,593,20240900,20241200,20241200
2024-08-16 05:00:00,609,609,609,20240900,20241200,20241200
2024-08-19 05:00:00,612,612,612,20240900,20241200,20241200
2024-08-20 05:00:00,635,635,635,20240900,20241200,20241200
2024-08-21 05:00:00,631,631,631,20240900,20241200,20241200
2024-08-22 05:00:00,639,639,639,20240900,20241200,20241200
2024-08-23 05:00:00,640,641,641,20240900,20241200,20241200
2024-08-26 05:00:00,672,672,672,20240900,20241200,20241200
2024-08-27 05:00:00,680,680,680,20240900,20241200,20241200
2024-08-28 05:00:00,665,665,665,20240900,20241200,20241200
2024-08-29 05:00:00,662,662,662,20240900,20241200,20241200
2024-08-30 05:00:00,669,669,669,20240900,20241200,20241200
2024-09-02 05:00:00,668,668,668,20240900,20241200,20241200
2024-09-03 05:00:00,681,681,681,20240900,20241200,20241200
2024-09-04 05:00:00,652,652,652,20240900,20241200,20241200
2024-09-05 05:00:00,657,657,657,20240900,20241200,20241200
2024-09-06 05:00:00,644,644,644,20240900,20241200,20241200
2024-09-09 05:00:00,645,645,645,20240900,20241200,20241200
2024-09-10 05:00:00,651,651,651,20240900,20241200,20241200
2024-09-11 05:00:00,632,632,632,20241200,20250300,20250300
2024-09-12 05:00:00,653,653,653,20241200,20250300,20250300
2024-09-13 05:00:00,645,645,645,20241200,20250300,20250300
2024-09-17 05:00:00,639,639,639,20241200,20250300,20250300
2024-09-18 05:00:00,640,640,640,20241200,20250300,20250300
2024-09-19 05:00:00,662,662,662,20241200,20250300,20250300
2024-09-20 05:00:00,666,666,666,20241200,20250300,20250300
2024-09-24 05:00:00,661,661,661,20241200,20250300,20250300
2024-09-25 05:00:00,656,656,656,20241200,20250300,20250300
2024-09-26 05:00:00,661,662,662,20241200,20250300,20250300
2024-09-27 05:00:00,676,676,676,20241200,20250300,20250300
2024-09-30 05:00:00,653,653,653,20241200,20250300,20250300
2024-10-01 05:00:00,666,666,666,20241200,20250300,20250300
2024-10-02 05:00:00,645,645,645,20241200,20250300,20250300
2024-10-03 05:00:00,651,651,651,20241200,20250300,20250300
2024-10-04 05:00:00,647,648,648,20241200,20250300,20250300
2024-10-07 05:00:00,650,650,650,20241200,20250300,20250300
2024-10-08 05:00:00,641,641,641,20241200,20250300,20250300
2024-10-09 05:00:00,647,648,648,20241200,20250300,20250300
2024-10-10 05:00:00,640,640,640,20241200,20250300,20250300
2024-10-11 05:00:00,638,639,639,20241200,20250300,20250300
2024-10-15 05:00:00,641,641,641,20241200,20250300,20250300
2024-10-16 05:00:00,633,633,633,20241200,20250300,20250300
2024-10-17 05:00:00,628,628,628,20241200,20250300,20250300
2024-10-18 05:00:00,624,624,624,20241200,20250300,20250300
2024-10-21 05:00:00,632,632,632,20241200,20250300,20250300
2024-10-22 05:00:00,615,615,615,20241200,20250300,20250300
2024-10-23 05:00:00,604,604,604,20241200,20250300,20250300
2024-10-24 05:00:00,599,600,600,20241200,20250300,20250300
2024-10-25 05:00:00,589,590,590,20241200,20250300,20250300
2024-10-28 05:00:00,610,610,610,20241200,20250300,20250300
2024-10-29 05:00:00,623,623,623,20241200,20250300,20250300
2024-10-30 05:00:00,626,626,626,20241200,20250300,20250300
2024-10-31 05:00:00,631,631,631,20241200,20250300,20250300
2024-11-01 05:00:00,620,620,620,20241200,20250300,20250300
2024-11-05 06:00:00,618,619,619,20241200,20250300,20250300
2024-11-06 06:00:00,622,622,622,20241200,20250300,20250300
2024-11-07 06:00:00,623,623,623,20241200,20250300,20250300
2024-11-08 06:00:00,627,627,627,20241200,20250300,20250300
2024-11-11 06:00:00,632,632,632,20241200,20250300,20250300
2024-11-12 06:00:00,632,632,632,20241200,20250300,20250300
2024-11-13 06:00:00,629,629,629,20241200,20250300,20250300
2024-11-14 06:00:00,625,626,626,20241200,20250300,20250300
2024-11-15 06:00:00,626,626,626,20241200,20250300,20250300
2024-11-18 06:00:00,619,620,620,20241200,20250300,20250300
2024-11-19 06:00:00,631,632,632,20241200,20250300,20250300
2024-11-20 06:00:00,631,632,632,20241200,20250300,20250300
2024-11-21 06:00:00,636,636,636,20241200,20250300,20250300
2024-11-22 06:00:00,635,635,635,20241200,20250300,20250300
2024-11-25 06:00:00,638,638,638,20241200,20250300,20250300
2024-11-26 06:00:00,636,636,636,20241200,20250300,20250300
2024-11-27 06:00:00,634,634,634,20241200,20250300,20250300
2024-11-28 06:00:00,634,635,635,20241200,20250300,20250300
2024-11-29 06:00:00,644,644,644,20241200,20250300,20250300
2024-12-02 06:00:00,642,642,642,20241200,20250300,20250300
2024-12-03 06:00:00,647,647,647,20241200,20250300,20250300
2024-12-04 06:00:00,638,638,638,20241200,20250300,20250300
2024-12-05 06:00:00,639,639,639,20241200,20250300,20250300
2024-12-06 06:00:00,634,634,634,20241200,20250300,20250300
2024-12-09 06:00:00,643,643,643,20241200,20250300,20250300
2024-12-10 06:00:00,640,641,641,20241200,20250300,20250300
2024-12-11 06:00:00,639,639,639,20250300,20250600,20250600
2024-12-12 06:00:00,642,642,642,20250300,20250600,20250600
2024-12-13 06:00:00,645,645,645,20250300,20250600,20250600
2024-12-16 06:00:00,639,638,638,20250300,20250600,20250600
2024-12-17 06:00:00,636,635,635,20250300,20250600,20250600
2024-12-18 06:00:00,636,636,636,20250300,20250600,20250600
2024-12-19 06:00:00,631,631,631,20250300,20250600,20250600
2024-12-20 06:00:00,625,625,625,20250300,20250600,20250600
2024-12-23 06:00:00,630,630,630,20250300,20250600,20250600
2024-12-24 06:00:00,630,630,630,20250300,20250600,20250600
2024-12-25 06:00:00,632,631,631,20250300,20250600,20250600
2024-12-26 06:00:00,632,632,632,20250300,20250600,20250600
2024-12-27 06:00:00,646,645,645,20250300,20250600,20250600
2024-12-30 06:00:00,645,645,645,20250300,20250600,20250600
2025-01-06 06:00:00,635,635,635,20250300,20250600,20250600
2025-01-07 06:00:00,641,641,641,20250300,20250600,20250600
2025-01-08 06:00:00,644,644,644,20250300,20250600,20250600
2025-01-09 06:00:00,644,644,644,20250300,20250600,20250600
2025-01-10 06:00:00,645,645,645,20250300,20250600,20250600
