DATETIME,price
2010-10-04,19390.0
2010-10-05,19500.0
2010-10-06,19680.0
2010-10-07,19820.0
2010-10-08,19530.0
2010-10-11,19850.0
2010-10-12,19780.0
2010-10-13,19850.0
2010-10-14,20150.0
2010-10-15,20150.0
2010-10-18,20030.0
2010-10-19,20090.0
2010-10-20,19790.0
2010-10-21,19790.0
2010-10-22,19520.0
2010-10-26,19690.0
2010-10-27,19670.0
2010-10-28,19580.0
2010-10-29,19690.0
2010-11-01,19960.0
2010-11-02,19920.0
2010-11-03,19860.0
2010-11-04,19880.0
2010-11-05,20090.0
2010-11-08,20140.0
2010-11-09,20360.0
2010-11-10,20320.0
2010-11-11,20410.0
2010-11-12,20270.0
2010-11-15,20130.0
2010-11-16,19990.0
2010-11-17,19740.0
2010-11-18,19980.0
2010-11-19,19980.0
2010-11-22,19960.0
2010-11-23,20110.0
2010-11-24,20250.0
2010-11-25,20160.0
2010-11-26,20160.0
2010-11-29,20140.0
2010-11-30,20290.0
2010-12-01,20440.0
2010-12-02,20430.0
2010-12-03,20440.0
2010-12-07,20820.0
2010-12-08,20600.0
2010-12-09,20440.0
2010-12-13,20590.0
2010-12-14,20730.0
2010-12-15,20600.0
2010-12-16,20510.0
2010-12-17,20420.0
2010-12-20,20560.0
2010-12-21,20610.0
2010-12-22,20620.0
2010-12-23,20530.0
2010-12-24,20550.0
2010-12-27,20530.0
2010-12-28,20640.0
2010-12-29,20760.0
2010-12-30,20820.0
2011-01-04,20790.0
2011-01-05,20510.0
2011-01-06,20480.0
2011-01-07,20350.0
2011-01-10,20620.0
2011-01-11,20630.0
2011-01-12,20610.0
2011-01-13,20600.0
2011-01-14,20550.0
2011-01-17,20470.0
2011-01-18,20530.0
2011-01-19,20560.0
2011-01-20,20510.0
2011-01-21,20330.0
2011-01-24,20470.0
2011-01-25,20310.0
2011-01-26,20320.0
2011-01-27,20330.0
2011-01-28,20150.0
2011-01-31,20340.0
2011-02-01,20340.0
2011-02-02,20310.0
2011-02-03,20230.0
2011-02-04,20370.0
2011-02-07,20370.0
2011-02-08,20420.0
2011-02-09,20490.0
2011-02-10,20450.0
2011-02-11,20570.0
2011-02-14,20600.0
2011-02-15,20680.0
2011-02-16,20690.0
2011-02-17,20700.0
2011-02-21,20890.0
2011-02-22,20990.0
2011-02-23,21020.0
2011-02-24,21200.0
2011-02-25,21070.0
2011-02-28,21130.0
2011-03-01,21130.0
2011-03-02,21310.0
2011-03-03,21300.0
2011-03-04,21210.0
2011-03-07,21400.0
2011-03-08,21330.0
2011-03-09,21290.0
2011-03-10,21270.0
2011-03-11,21150.0
2011-03-14,21220.0
2011-03-15,21160.0
2011-03-16,21000.0
2011-03-17,20910.0
2011-03-18,21070.0
2011-03-21,21270.0
2011-03-22,21250.0
2011-03-23,21290.0
2011-03-24,21350.0
2011-03-25,21260.0
2011-03-28,21130.0
2011-03-29,21120.0
2011-03-30,21170.0
2011-03-31,21230.0
2011-04-01,21280.0
2011-04-04,21280.0
2011-04-05,21270.0
2011-04-07,21420.0
2011-04-08,21520.0
2011-04-11,21540.0
2011-04-12,21550.0
2011-04-18,21810.0
2011-04-19,21900.0
2011-04-20,21950.0
2011-04-21,22000.0
2011-04-22,22050.0
2011-04-25,22230.0
2011-04-26,22090.0
2011-04-27,22180.0
2011-04-28,22400.0
2011-04-29,22450.0
2011-05-03,22620.0
2011-05-04,22560.0
2011-05-06,22080.0
2011-05-09,22310.0
2011-05-10,22420.0
2011-05-11,22510.0
2011-05-12,22160.0
2011-05-13,22380.0
2011-05-18,22200.0
2011-05-19,22210.0
2011-05-20,22310.0
2011-05-23,22510.0
2011-05-24,22630.0
2011-05-25,22730.0
2011-05-26,22690.0
2011-05-27,22760.0
2011-05-30,22880.0
2011-05-31,22870.0
2011-06-01,22800.0
2011-06-02,22870.0
2011-06-03,22810.0
2011-06-06,22860.0
2011-06-07,23010.0
2011-06-08,22980.0
2011-06-09,22970.0
2011-06-10,23010.0
2011-06-13,22930.0
2011-06-14,22840.0
2011-06-15,22890.0
2011-06-16,22950.0
2011-06-17,22960.0
2011-06-20,23080.0
2011-06-21,23140.0
2011-06-22,23140.0
2011-06-23,23150.0
2011-06-24,23000.0
2011-06-27,22840.0
2011-06-28,22950.0
2011-06-29,22960.0
2011-06-30,22960.0
2011-07-04,22550.0
2011-07-05,22510.0
2011-07-06,22730.0
2011-07-07,22850.0
2011-07-08,22740.0
2011-07-11,22940.0
2011-07-12,23050.0
2011-07-13,23230.0
2011-07-14,23390.0
2011-07-18,23450.0
2011-07-19,23440.0
2011-07-20,23230.0
2011-07-21,23380.0
2011-07-22,23230.0
2011-07-25,23500.0
2011-07-26,23410.0
2011-07-27,23480.0
2011-07-28,23460.0
2011-07-29,23470.0
2011-08-01,23410.0
2011-08-02,23550.0
2011-08-03,24230.0
2011-08-04,24240.0
2011-08-05,24280.0
2011-08-08,24880.0
2011-08-09,26140.0
2011-08-10,25990.0
2011-08-11,26410.0
2011-08-15,25930.0
2011-08-16,26310.0
2011-08-17,26500.0
2011-08-18,26520.0
2011-08-19,27550.0
2011-08-22,28170.0
2011-08-23,28320.0
2011-08-24,27320.0
2011-08-25,25030.0
2011-08-26,26340.0
2011-08-29,26810.0
2011-08-30,26360.0
2011-08-31,26960.0
2011-09-01,26910.0
2011-09-02,27280.0
2011-09-05,27820.0
2011-09-06,27720.0
2011-09-07,27100.0
2011-09-08,26910.0
2011-09-09,27570.0
2011-09-12,27330.0
2011-09-13,26860.0
2011-09-14,27140.0
2011-09-15,26910.0
2011-09-16,26550.0
2011-09-19,27100.0
2011-09-20,26850.0
2011-09-21,26960.0
2011-09-22,26660.0
2011-09-23,26240.0
2011-09-26,24500.0
2011-09-27,25340.0
2011-09-28,25090.0
2011-09-29,24950.0
2011-09-30,24800.0
2011-10-03,25260.0
2011-10-04,25380.0
2011-10-05,24420.0
2011-10-06,25070.0
2011-10-07,25290.0
2011-10-10,25370.0
2011-10-11,25470.0
2011-10-12,25640.0
2011-10-13,25480.0
2011-10-14,25470.0
2011-10-17,25500.0
2011-10-18,25220.0
2011-10-19,25050.0
2011-10-20,24860.0
2011-10-21,24850.0
2011-10-25,25140.0
2011-10-26,25930.0
2011-10-27,25820.0
2011-10-28,26070.0
2011-10-31,25940.0
2011-11-01,25910.0
2011-11-02,26120.0
2011-11-03,26190.0
2011-11-04,26430.0
2011-11-07,26500.0
2011-11-08,26930.0
2011-11-09,26760.0
2011-11-10,26730.0
2011-11-11,26650.0
2011-11-14,26880.0
2011-11-15,26720.0
2011-11-16,26810.0
2011-11-17,26610.0
2011-11-18,26280.0
2011-11-21,26150.0
2011-11-22,25850.0
2011-11-23,26030.0
2011-11-24,26050.0
2011-11-25,25830.0
2011-11-28,26320.0
2011-11-29,26270.0
2011-11-30,26170.0
2011-12-01,26450.0
2011-12-02,26420.0
2011-12-06,25960.0
2011-12-07,26050.0
2011-12-08,26150.0
2011-12-09,25920.0
2011-12-13,25400.0
2011-12-14,25050.0
2011-12-15,24250.0
2011-12-16,24420.0
2011-12-19,24420.0
2011-12-20,24500.0
2011-12-21,24910.0
2011-12-22,25050.0
2011-12-23,24930.0
2011-12-26,24880.0
2011-12-27,24900.0
2011-12-28,24710.0
2011-12-29,24380.0
2011-12-30,24350.0
2012-01-04,24880.0
2012-01-05,25030.0
2012-01-06,25130.0
2012-01-09,25200.0
2012-01-10,25210.0
2012-01-11,25550.0
2012-01-12,25670.0
2012-01-13,25540.0
2012-01-16,25600.0
2012-01-17,25830.0
2012-01-18,25700.0
2012-01-19,25760.0
2012-01-20,25450.0
2012-01-23,25660.0
2012-01-24,25610.0
2012-01-25,25610.0
2012-01-26,26140.0
2012-01-27,26250.0
2012-01-30,26210.0
2012-01-31,26250.0
2012-02-01,26340.0
2012-02-02,26330.0
2012-02-03,26480.0
2012-02-06,25910.0
2012-02-07,25980.0
2012-02-08,26190.0
2012-02-09,26020.0
2012-02-10,25860.0
2012-02-13,25910.0
2012-02-14,25810.0
2012-02-15,25880.0
2012-02-16,25830.0
2012-02-17,26130.0
2012-02-20,26140.0
2012-02-21,26210.0
2012-02-22,26330.0
2012-02-23,26450.0
2012-02-24,26450.0
2012-02-27,26400.0
2012-02-28,26400.0
2012-02-29,26430.0
2012-03-01,25710.0
2012-03-02,25620.0
2012-03-05,25440.0
2012-03-06,25470.0
2012-03-08,25440.0
2012-03-09,25430.0
2012-03-12,25560.0
2012-03-13,25480.0
2012-03-14,25000.0
2012-03-15,24840.0
2012-03-16,24830.0
2012-03-19,24910.0
2012-03-20,24880.0
2012-03-21,24920.0
2012-03-22,24690.0
2012-03-23,24810.0
2012-03-26,25000.0
2012-03-27,25400.0
2012-03-28,25240.0
2012-03-29,24980.0
2012-03-30,25070.0
2012-04-02,25100.0
2012-04-03,25220.0
2012-04-04,24770.0
2012-04-05,24580.0
2012-04-10,24840.0
2012-04-11,24980.0
2012-04-12,24900.0
2012-04-17,24850.0
2012-04-18,24780.0
2012-04-19,24740.0
2012-04-20,24800.0
2012-04-23,24680.0
2012-04-24,24720.0
2012-04-25,24760.0
2012-04-26,24790.0
2012-04-27,25010.0
2012-04-30,25060.0
2012-05-02,25010.0
2012-05-03,24960.0
2012-05-04,24770.0
2012-05-08,24750.0
2012-05-09,24120.0
2012-05-10,24210.0
2012-05-11,24170.0
2012-05-14,23930.0
2012-05-15,23890.0
2012-05-16,23630.0
2012-05-17,23770.0
2012-05-18,24370.0
2012-05-21,24350.0
2012-05-22,24170.0
2012-05-23,23990.0
2012-05-24,24080.0
2012-05-25,24150.0
2012-05-28,24390.0
2012-05-29,24380.0
2012-05-30,24100.0
2012-05-31,24340.0
2012-06-01,24170.0
2012-06-05,24940.0
2012-06-06,25030.0
2012-06-07,24860.0
2012-06-08,24450.0
2012-06-11,24500.0
2012-06-12,24550.0
2012-06-13,24790.0
2012-06-14,24900.0
2012-06-15,24890.0
2012-06-18,24860.0
2012-06-19,24940.0
2012-06-20,24800.0
2012-06-21,24660.0
2012-06-22,24310.0
2012-06-25,24490.0
2012-06-26,24630.0
2012-06-27,24490.0
2012-06-28,24470.0
2012-06-29,24410.0
2012-07-02,24630.0
2012-07-03,24750.0
2012-07-04,24840.0
2012-07-05,24900.0
2012-07-06,24640.0
2012-07-09,24590.0
2012-07-10,24670.0
2012-07-11,24490.0
2012-07-12,24390.0
2012-07-13,24480.0
2012-07-16,24490.0
2012-07-17,24600.0
2012-07-18,24490.0
2012-07-19,24480.0
2012-07-20,24490.0
2012-07-23,24440.0
2012-07-24,24450.0
2012-07-25,24570.0
2012-07-26,24760.0
2012-07-27,24940.0
2012-07-30,24920.0
2012-07-31,24930.0
2012-08-01,24790.0
2012-08-03,24580.0
2012-08-06,24690.0
2012-08-07,24750.0
2012-08-08,24710.0
2012-08-09,24770.0
2012-08-10,24710.0
2012-08-14,24730.0
2012-08-15,24530.0
2012-08-16,24660.0
2012-08-17,24810.0
2012-08-20,24790.0
2012-08-21,24860.0
2012-08-22,25090.0
2012-08-23,25290.0
2012-08-24,25420.0
2012-08-27,25490.0
2012-08-28,25430.0
2012-08-29,25470.0
2012-08-30,25410.0
2012-08-31,25390.0
2012-09-03,25740.0
2012-09-04,25780.0
2012-09-05,25810.0
2012-09-06,26040.0
2012-09-07,25850.0
2012-09-10,26300.0
2012-09-11,26260.0
2012-09-12,26320.0
2012-09-13,26190.0
2012-09-14,26680.0
2012-09-17,26620.0
2012-09-18,26500.0
2012-09-19,26620.0
2012-09-20,26540.0
2012-09-21,26640.0
2012-09-24,26570.0
2012-09-25,26630.0
2012-09-26,26650.0
2012-09-27,26520.0
2012-09-28,26700.0
2012-10-01,26610.0
2012-10-02,26640.0
2012-10-03,26600.0
2012-10-04,26650.0
2012-10-05,26640.0
2012-10-08,26480.0
2012-10-09,26510.0
2012-10-10,26410.0
2012-10-11,26460.0
2012-10-12,26420.0
2012-10-15,26130.0
2012-10-16,25980.0
2012-10-17,26210.0
2012-10-18,26190.0
2012-10-19,26070.0
2012-10-22,25960.0
2012-10-24,25730.0
2012-10-25,25750.0
2012-10-26,25680.0
2012-10-29,25770.0
2012-10-30,25780.0
2012-10-31,25810.0
2012-11-01,25920.0
2012-11-02,25730.0
2012-11-05,25300.0
2012-11-06,25460.0
2012-11-07,25880.0
2012-11-08,25790.0
2012-11-09,25990.0
2012-11-12,25980.0
2012-11-13,25910.0
2012-11-14,25880.0
2012-11-15,25890.0
2012-11-16,25730.0
2012-11-19,25860.0
2012-11-20,25980.0
2012-11-21,25930.0
2012-11-22,25940.0
2012-11-23,26000.0
2012-11-26,26160.0
2012-11-27,26210.0
2012-11-28,26110.0
2012-11-29,25860.0
2012-11-30,25900.0
2012-12-03,25760.0
2012-12-04,25560.0
2012-12-06,25340.0
2012-12-07,25410.0
2012-12-11,25520.0
2012-12-12,25610.0
2012-12-13,25390.0
2012-12-14,25360.0
2012-12-17,25190.0
2012-12-18,25330.0
2012-12-19,24980.0
2012-12-20,25060.0
2012-12-21,24750.0
2012-12-24,24930.0
2012-12-25,24820.0
2012-12-26,24890.0
2012-12-27,24900.0
2012-12-28,24920.0
2013-01-02,25030.0
2013-01-03,25030.0
2013-01-04,24480.0
2013-01-07,24680.0
2013-01-08,24600.0
2013-01-09,24730.0
2013-01-10,24690.0
2013-01-11,24730.0
2013-01-14,24680.0
2013-01-15,24710.0
2013-01-16,24510.0
2013-01-17,24500.0
2013-01-18,24600.0
2013-01-21,24540.0
2013-01-22,24590.0
2013-01-23,24630.0
2013-01-24,24460.0
2013-01-25,24370.0
2013-01-28,24250.0
2013-01-29,24240.0
2013-01-30,24210.0
2013-01-31,24390.0
2013-02-01,24220.0
2013-02-04,24200.0
2013-02-05,24300.0
2013-02-06,24300.0
2013-02-07,24330.0
2013-02-08,24290.0
2013-02-11,24230.0
2013-02-12,23960.0
2013-02-13,23960.0
2013-02-14,23890.0
2013-02-15,23720.0
2013-02-18,23500.0
2013-02-19,23490.0
2013-02-20,23320.0
2013-02-21,22860.0
2013-02-22,22990.0
2013-02-25,22940.0
2013-02-26,23220.0
2013-02-27,23220.0
2013-02-28,23190.0
2013-03-01,22880.0
2013-03-04,23070.0
2013-03-05,23080.0
2013-03-06,22970.0
2013-03-07,23030.0
2013-03-08,23020.0
2013-03-11,22980.0
2013-03-12,22960.0
2013-03-13,23080.0
2013-03-14,23020.0
2013-03-15,23020.0
2013-03-18,23170.0
2013-03-19,23020.0
2013-03-20,22950.0
2013-03-21,22980.0
2013-03-22,23090.0
2013-03-25,22940.0
2013-03-26,22920.0
2013-03-27,22840.0
2013-03-28,22990.0
2013-03-29,22890.0
2013-04-01,22910.0
2013-04-02,22920.0
2013-04-03,22490.0
2013-04-04,22140.0
2013-04-05,22280.0
2013-04-09,22300.0
2013-04-10,22400.0
2013-04-11,22080.0
2013-04-12,21950.0
2013-04-17,19580.0
2013-04-18,19630.0
2013-04-19,19840.0
2013-04-22,20040.0
2013-04-23,19960.0
2013-04-24,20110.0
2013-04-25,20620.0
2013-04-26,20990.0
2013-04-29,20990.0
2013-04-30,21190.0
2013-05-02,20990.0
2013-05-03,21440.0
2013-05-07,21220.0
2013-05-08,20900.0
2013-05-09,21250.0
2013-05-10,21140.0
2013-05-13,20820.0
2013-05-14,20800.0
2013-05-15,20590.0
2013-05-16,20040.0
2013-05-17,20190.0
2013-05-20,19770.0
2013-05-21,20200.0
2013-05-22,20230.0
2013-05-23,20350.0
2013-05-27,20410.0
2013-05-28,20320.0
2013-05-29,20500.0
2013-05-30,20790.0
2013-05-31,20920.0
2013-06-03,20840.0
2013-06-04,20870.0
2013-06-05,20890.0
2013-06-06,20970.0
2013-06-07,21190.0
2013-06-10,20800.0
2013-06-11,20770.0
2013-06-12,20860.0
2013-06-13,20900.0
2013-06-14,20680.0
2013-06-17,20770.0
2013-06-18,20780.0
2013-06-19,20540.0
2013-06-20,19710.0
2013-06-21,19740.0
2013-06-24,19570.0
2013-06-25,19510.0
2013-06-26,18780.0
2013-06-27,18780.0
2013-06-28,18440.0
2013-07-02,19200.0
2013-07-03,19080.0
2013-07-04,19120.0
2013-07-05,18940.0
2013-07-08,18960.0
2013-07-09,19230.0
2013-07-10,19260.0
2013-07-11,19600.0
2013-07-12,19530.0
2013-07-15,19600.0
2013-07-16,19630.0
2013-07-17,19620.0
2013-07-18,19540.0
2013-07-19,19630.0
2013-07-23,20160.0
2013-07-24,20310.0
2013-07-25,19990.0
2013-07-26,20270.0
2013-07-29,20350.0
2013-07-30,20280.0
2013-07-31,20460.0
2013-08-01,20290.0
2013-08-02,19840.0
2013-08-05,20160.0
2013-08-06,19940.0
2013-08-07,19690.0
2013-08-08,19770.0
2013-08-09,20100.0
2013-08-13,20410.0
2013-08-14,20320.0
2013-08-15,20500.0
2013-08-16,20840.0
2013-08-19,21120.0
2013-08-20,21130.0
2013-08-21,21230.0
2013-08-22,21520.0
2013-08-23,21500.0
2013-08-26,21960.0
2013-08-27,22410.0
2013-08-28,22720.0
2013-08-29,22340.0
2013-08-30,22030.0
2013-09-02,21960.0
2013-09-03,22020.0
2013-09-04,22230.0
2013-09-05,22110.0
2013-09-06,21770.0
2013-09-09,21920.0
2013-09-10,21640.0
2013-09-11,21400.0
2013-09-12,20910.0
2013-09-13,20490.0
2013-09-16,20450.0
2013-09-17,20510.0
2013-09-18,20200.0
2013-09-19,20690.0
2013-09-20,20580.0
2013-09-23,20200.0
2013-09-24,20200.0
2013-09-25,20290.0
2013-09-26,20370.0
2013-09-27,20290.0
2013-09-30,20460.0
2013-10-01,20330.0
2013-10-02,19850.0
2013-10-03,20040.0
2013-10-04,20170.0
2013-10-07,20160.0
2013-10-08,20310.0
2013-10-09,20220.0
2013-10-10,20000.0
2013-10-11,19730.0
2013-10-14,19610.0
2013-10-15,19280.0
2013-10-16,19590.0
2013-10-17,19870.0
2013-10-18,20050.0
2013-10-21,20020.0
2013-10-22,20000.0
2013-10-24,20360.0
2013-10-25,20490.0
2013-10-28,20610.0
2013-10-29,20480.0
2013-10-30,20540.0
2013-10-31,20400.0
2013-11-01,20200.0
2013-11-04,20170.0
2013-11-05,20140.0
2013-11-06,20250.0
2013-11-07,20250.0
2013-11-08,20230.0
2013-11-11,19910.0
2013-11-12,19880.0
2013-11-13,19810.0
2013-11-14,19940.0
2013-11-15,19940.0
2013-11-18,19910.0
2013-11-19,19780.0
2013-11-20,19770.0
2013-11-21,19510.0
2013-11-22,19480.0
2013-11-25,19380.0
2013-11-26,19700.0
2013-11-27,19810.0
2013-11-28,19660.0
2013-11-29,19690.0
2013-12-02,19590.0
2013-12-03,19340.0
2013-12-04,19270.0
2013-12-06,19540.0
2013-12-09,19430.0
2013-12-11,19870.0
2013-12-12,19670.0
2013-12-13,19380.0
2013-12-16,19440.0
2013-12-17,19600.0
2013-12-18,19630.0
2013-12-19,19310.0
2013-12-20,19270.0
2013-12-23,19310.0
2013-12-24,19350.0
2013-12-25,19390.0
2013-12-26,19520.0
2013-12-27,19610.0
2014-01-02,19820.0
2014-01-03,20050.0
2014-01-06,20210.0
2014-01-07,20220.0
2014-01-08,19970.0
2014-01-09,19970.0
2014-01-10,20040.0
2014-01-13,20230.0
2014-01-14,20100.0
2014-01-15,19980.0
2014-01-16,20070.0
2014-01-17,20120.0
2014-01-20,20320.0
2014-01-21,20110.0
2014-01-22,20010.0
2014-01-23,20100.0
2014-01-24,20310.0
2014-01-27,20490.0
2014-01-28,20240.0
2014-01-29,20260.0
2014-01-30,20420.0
2014-01-31,20250.0
2014-02-03,20240.0
2014-02-04,20310.0
2014-02-05,20340.0
2014-02-06,20360.0
2014-02-07,20380.0
2014-02-10,20560.0
2014-02-11,20590.0
2014-02-12,20520.0
2014-02-13,20560.0
2014-02-17,20980.0
2014-02-18,20940.0
2014-02-19,21080.0
2014-02-20,21020.0
2014-02-21,21070.0
2014-02-24,21290.0
2014-02-25,21310.0
2014-02-26,21380.0
2014-02-27,21250.0
2014-02-28,21210.0
2014-03-03,21440.0
2014-03-04,21300.0
2014-03-05,21140.0
2014-03-06,21160.0
2014-03-07,21310.0
2014-03-10,21180.0
2014-03-11,21310.0
2014-03-12,21500.0
2014-03-13,21680.0
2014-03-14,21690.0
2014-03-17,21770.0
2014-03-18,21460.0
2014-03-19,21230.0
2014-03-20,21060.0
2014-03-21,21200.0
2014-03-24,21030.0
2014-03-25,20970.0
2014-03-26,20970.0
2014-03-27,20630.0
2014-03-28,20650.0
2014-03-31,20570.0
2014-04-01,20400.0
2014-04-02,20360.0
2014-04-03,20440.0
2014-04-04,20580.0
2014-04-08,20760.0
2014-04-09,20670.0
2014-04-10,20840.0
2014-04-11,20800.0
2014-04-16,20520.0
2014-04-17,20460.0
2014-04-18,20490.0
2014-04-21,20380.0
2014-04-22,20480.0
2014-04-23,20340.0
2014-04-24,20370.0
2014-04-25,20530.0
2014-04-28,20570.0
2014-04-29,20440.0
2014-04-30,20510.0
2014-05-02,20410.0
2014-05-06,20760.0
2014-05-07,20820.0
2014-05-08,20550.0
2014-05-09,20620.0
2014-05-12,20700.0
2014-05-14,20700.0
2014-05-15,20740.0
2014-05-16,20640.0
2014-05-19,20690.0
2014-05-20,20630.0
2014-05-21,20600.0
2014-05-22,20580.0
2014-05-23,20650.0
2014-05-26,20650.0
2014-05-27,20540.0
2014-05-28,20290.0
2014-05-29,20150.0
2014-05-30,20210.0
2014-06-02,20080.0
2014-06-03,19970.0
2014-06-04,19960.0
2014-06-05,19930.0
2014-06-06,20030.0
2014-06-09,19960.0
2014-06-10,19980.0
2014-06-11,20140.0
2014-06-12,20090.0
2014-06-13,20190.0
2014-06-16,20310.0
2014-06-17,20120.0
2014-06-18,20210.0
2014-06-19,20340.0
2014-06-20,20830.0
2014-06-23,20830.0
2014-06-24,20980.0
2014-06-25,20830.0
2014-06-26,20900.0
2014-06-27,20920.0
2014-06-30,20900.0
2014-07-02,21060.0
2014-07-03,21020.0
2014-07-04,20970.0
2014-07-07,20870.0
2014-07-08,20940.0
2014-07-09,20910.0
2014-07-10,21160.0
2014-07-14,20820.0
2014-07-15,20690.0
2014-07-16,20440.0
2014-07-17,20530.0
2014-07-18,20630.0
2014-07-21,20600.0
2014-07-22,20400.0
2014-07-23,20400.0
2014-07-24,20310.0
2014-07-25,20200.0
2014-07-28,20360.0
2014-07-29,20410.0
2014-07-30,20280.0
2014-07-31,20380.0
2014-08-01,20310.0
2014-08-04,20380.0
2014-08-05,20340.0
2014-08-06,20350.0
2014-08-07,20600.0
2014-08-08,20740.0
2014-08-13,20530.0
2014-08-14,20540.0
2014-08-15,20500.0
2014-08-18,20320.0
2014-08-19,20290.0
2014-08-20,20280.0
2014-08-21,20090.0
2014-08-22,20080.0
2014-08-25,20050.0
2014-08-26,20140.0
2014-08-27,20100.0
2014-08-28,20240.0
2014-08-29,20200.0
2014-09-01,20240.0
2014-09-02,20150.0
2014-09-03,19970.0
2014-09-04,20040.0
2014-09-05,19950.0
2014-09-08,19950.0
2014-09-09,19840.0
2014-09-10,19840.0
2014-09-11,19710.0
2014-09-12,19580.0
2014-09-15,19600.0
2014-09-16,19630.0
2014-09-17,19590.0
2014-09-18,19400.0
2014-09-19,19360.0
2014-09-22,19230.0
2014-09-23,19420.0
2014-09-24,19390.0
2014-09-25,19210.0
2014-09-26,19390.0
2014-09-29,19370.0
2014-09-30,19300.0
2014-10-01,19300.0
2014-10-02,19330.0
2014-10-03,19290.0
2014-10-06,19140.0
2014-10-07,19320.0
2014-10-08,19470.0
2014-10-09,19520.0
2014-10-10,19470.0
2014-10-13,19550.0
2014-10-14,19630.0
2014-10-15,19530.0
2014-10-16,19800.0
2014-10-17,19650.0
2014-10-20,19660.0
2014-10-21,19740.0
2014-10-22,19750.0
2014-10-24,19640.0
2014-10-27,19600.0
2014-10-28,19560.0
2014-10-29,19590.0
2014-10-30,19320.0
2014-10-31,18800.0
2014-11-03,18780.0
2014-11-04,18780.0
2014-11-05,18510.0
2014-11-06,18500.0
2014-11-07,18520.0
2014-11-10,18890.0
2014-11-11,18630.0
2014-11-12,18820.0
2014-11-13,18710.0
2014-11-14,18680.0
2014-11-17,19140.0
2014-11-18,19280.0
2014-11-19,19310.0
2014-11-20,19190.0
2014-11-21,19180.0
2014-11-24,19280.0
2014-11-25,19340.0
2014-11-26,19260.0
2014-11-27,19230.0
2014-11-28,19110.0
2014-12-01,18950.0
2014-12-02,19300.0
2014-12-03,19420.0
2014-12-04,19450.0
2014-12-08,19410.0
2014-12-09,19550.0
2014-12-11,19730.0
2014-12-12,19790.0
2014-12-15,19710.0
2014-12-16,19560.0
2014-12-17,19480.0
2014-12-18,19480.0
2014-12-19,19420.0
2014-12-22,19430.0
2014-12-23,19180.0
2014-12-24,19140.0
2014-12-25,19100.0
2014-12-26,19290.0
2014-12-29,19390.0
2014-12-30,19290.0
2015-01-05,19450.0
2015-01-06,19640.0
2015-01-07,19710.0
2015-01-08,19570.0
2015-01-09,19620.0
2015-01-12,19790.0
2015-01-13,20030.0
2015-01-14,19820.0
2015-01-15,19920.0
2015-01-16,20210.0
2015-01-19,20410.0
2015-01-20,20760.0
2015-01-21,20780.0
2015-01-22,20600.0
2015-01-23,20720.0
2015-01-26,20500.0
2015-01-27,20460.0
2015-01-28,20570.0
2015-01-29,20430.0
2015-01-30,20300.0
2015-02-02,20390.0
2015-02-03,20520.0
2015-02-04,20230.0
2015-02-05,20290.0
2015-02-06,20220.0
2015-02-09,19880.0
2015-02-10,19830.0
2015-02-11,19800.0
2015-02-12,19660.0
2015-02-13,19640.0
2015-02-16,19750.0
2015-02-17,19560.0
2015-02-18,19340.0
2015-02-19,19480.0
2015-02-20,19240.0
2015-02-23,19090.0
2015-02-24,19240.0
2015-02-25,19380.0
2015-02-26,19390.0
2015-02-27,19240.0
2015-03-02,19370.0
2015-03-03,19270.0
2015-03-05,19150.0
2015-03-06,19070.0
2015-03-09,18820.0
2015-03-10,18720.0
2015-03-11,18810.0
2015-03-12,18790.0
2015-03-13,18760.0
2015-03-16,18800.0
2015-03-17,18790.0
2015-03-18,18640.0
2015-03-19,18840.0
2015-03-20,18880.0
2015-03-23,18960.0
2015-03-24,19050.0
2015-03-25,19060.0
2015-03-26,19370.0
2015-03-27,19200.0
2015-03-30,18990.0
2015-03-31,18850.0
2015-04-01,18910.0
2015-04-02,19190.0
2015-04-03,19150.0
2015-04-07,19330.0
2015-04-08,19360.0
2015-04-09,19160.0
2015-04-10,19210.0
2015-04-16,19180.0
2015-04-17,19150.0
2015-04-20,19100.0
2015-04-21,19030.0
2015-04-22,19060.0
2015-04-23,18930.0
2015-04-24,18990.0
2015-04-27,18940.0
2015-04-28,19270.0
2015-04-29,19460.0
2015-04-30,19520.0
2015-05-06,19500.0
2015-05-07,19520.0
2015-05-08,19540.0
2015-05-11,19640.0
2015-05-12,19690.0
2015-05-13,19720.0
2015-05-14,20000.0
2015-05-15,20040.0
2015-05-18,20130.0
2015-05-19,20010.0
2015-05-20,19920.0
2015-05-21,19870.0
2015-05-22,19860.0
2015-05-25,19830.0
2015-05-26,19790.0
2015-05-27,19680.0
2015-05-28,19710.0
2015-05-29,19680.0
2015-06-02,19690.0
2015-06-03,19650.0
2015-06-04,19570.0
2015-06-05,19460.0
2015-06-08,19500.0
2015-06-09,19530.0
2015-06-10,19550.0
2015-06-11,19530.0
2015-06-12,19520.0
2015-06-15,19450.0
2015-06-16,19540.0
2015-06-17,19480.0
2015-06-18,19720.0
2015-06-19,19790.0
2015-06-22,19690.0
2015-06-23,19650.0
2015-06-24,19600.0
2015-06-25,19560.0
2015-06-26,19550.0
2015-06-29,19600.0
2015-06-30,19540.0
2015-07-02,19400.0
2015-07-03,19420.0
2015-07-06,19390.0
2015-07-07,19480.0
2015-07-08,19330.0
2015-07-09,19410.0
2015-07-10,19430.0
2015-07-13,19350.0
2015-07-14,19340.0
2015-07-15,19360.0
2015-07-16,19290.0
2015-07-17,19240.0
2015-07-20,18880.0
2015-07-21,18830.0
2015-07-22,18680.0
2015-07-23,18850.0
2015-07-24,18610.0
2015-07-27,18860.0
2015-07-28,18790.0
2015-07-29,18850.0
2015-07-31,18750.0
2015-08-03,18860.0
2015-08-04,18820.0
2015-08-05,18790.0
2015-08-06,18780.0
2015-08-07,18870.0
2015-08-10,18910.0
2015-08-11,19310.0
2015-08-13,19340.0
2015-08-14,19360.0
2015-08-17,19380.0
2015-08-18,19570.0
2015-08-19,19660.0
2015-08-20,19980.0
2015-08-21,20200.0
2015-08-24,20410.0
2015-08-25,20180.0
2015-08-26,19940.0
2015-08-27,19810.0
2015-08-28,19910.0
2015-08-31,20020.0
2015-09-01,20110.0
2015-09-02,20060.0
2015-09-03,19940.0
2015-09-04,19860.0
2015-09-07,19900.0
2015-09-08,19960.0
2015-09-09,19900.0
2015-09-10,19690.0
2015-09-11,19670.0
2015-09-14,19640.0
2015-09-15,19540.0
2015-09-16,19640.0
2015-09-17,19670.0
2015-09-18,19840.0
2015-09-21,19960.0
2015-09-22,20020.0
2015-09-23,20040.0
2015-09-24,20180.0
2015-09-25,20350.0
2015-09-28,20240.0
2015-09-29,20250.0
2015-09-30,20110.0
2015-10-01,20030.0
2015-10-02,19990.0
2015-10-05,20280.0
2015-10-06,20340.0
2015-10-07,20280.0
2015-10-08,20280.0
2015-10-09,20180.0
2015-10-12,20240.0
2015-10-13,20160.0
2015-10-14,20350.0
2015-10-15,20460.0
2015-10-16,20400.0
2015-10-19,20350.0
2015-10-20,20390.0
2015-10-21,20480.0
2015-10-22,20400.0
2015-10-26,20310.0
2015-10-27,20320.0
2015-10-28,20370.0
2015-10-29,20310.0
2015-10-30,20090.0
2015-11-02,19920.0
2015-11-03,19840.0
2015-11-04,19510.0
2015-11-05,19420.0
2015-11-06,19400.0
2015-11-09,19350.0
2015-11-10,19330.0
2015-11-11,19230.0
2015-11-12,19200.0
2015-11-13,19160.0
2015-11-16,19320.0
2015-11-17,19140.0
2015-11-18,18980.0
2015-11-19,18990.0
2015-11-20,19040.0
2015-11-23,18870.0
2015-11-24,18910.0
2015-11-25,18840.0
2015-11-26,18840.0
2015-11-27,18800.0
2015-11-30,18620.0
2015-12-01,18840.0
2015-12-02,18790.0
2015-12-03,18530.0
2015-12-04,18710.0
2015-12-08,18960.0
2015-12-09,18980.0
2015-12-11,18920.0
2015-12-14,18960.0
2015-12-15,18760.0
2015-12-16,18860.0
2015-12-17,18940.0
2015-12-18,18730.0
2015-12-21,19070.0
2015-12-22,19170.0
2015-12-23,19060.0
2015-12-24,19090.0
2015-12-25,19110.0
2015-12-28,19110.0
2015-12-29,19040.0
2015-12-30,18940.0
2016-01-04,19080.0
2016-01-05,19190.0
2016-01-06,19320.0
2016-01-07,19560.0
2016-01-08,19600.0
2016-01-11,19600.0
2016-01-12,19570.0
2016-01-13,19310.0
2016-01-14,19500.0
2016-01-15,19390.0
2016-01-18,19490.0
2016-01-19,19440.0
2016-01-20,19490.0
2016-01-21,19570.0
2016-01-22,19430.0
2016-01-25,19540.0
2016-01-26,19640.0
2016-01-27,19640.0
2016-01-28,19650.0
2016-01-29,19520.0
2016-02-01,19580.0
2016-02-02,19700.0
2016-02-03,19760.0
2016-02-04,19950.0
2016-02-05,20110.0
2016-02-08,20380.0
2016-02-09,20640.0
2016-02-10,20470.0
2016-02-11,20970.0
2016-02-12,21490.0
2016-02-15,21060.0
2016-02-16,21060.0
2016-02-17,20960.0
2016-02-18,20970.0
2016-02-19,21330.0
2016-02-23,21280.0
2016-02-24,21470.0
2016-02-25,21580.0
2016-02-26,21470.0
2016-02-29,21480.0
2016-03-01,21600.0
2016-03-02,21410.0
2016-03-03,21540.0
2016-03-04,22050.0
2016-03-07,21940.0
2016-03-08,22050.0
2016-03-09,21730.0
2016-03-10,21550.0
2016-03-11,21760.0
2016-03-14,21620.0
2016-03-15,21200.0
2016-03-16,21150.0
2016-03-17,21510.0
2016-03-18,21410.0
2016-03-21,21270.0
2016-03-22,21410.0
2016-03-23,21230.0
2016-03-24,21040.0
2016-03-25,21040.0
2016-03-28,21040.0
2016-03-29,21100.0
2016-03-30,21300.0
2016-03-31,21210.0
2016-04-01,21170.0
2016-04-04,20970.0
2016-04-05,21260.0
2016-04-07,21290.0
2016-04-08,21280.0
2016-04-11,21410.0
2016-04-12,21540.0
2016-04-18,21210.0
2016-04-19,21220.0
2016-04-20,21300.0
2016-04-21,21540.0
2016-04-22,21360.0
2016-04-25,21170.0
2016-04-26,21300.0
2016-04-27,21460.0
2016-04-28,21560.0
2016-04-29,21780.0
2016-05-03,22140.0
2016-05-04,21960.0
2016-05-09,21950.0
2016-05-10,21840.0
2016-05-11,21940.0
2016-05-12,21870.0
2016-05-13,22050.0
2016-05-16,22150.0
2016-05-17,22100.0
2016-05-18,22150.0
2016-05-19,21920.0
2016-05-23,21820.0
2016-05-24,21730.0
2016-05-25,21320.0
2016-05-26,21380.0
2016-05-27,21270.0
2016-05-30,21110.0
2016-05-31,21170.0
2016-06-01,21220.0
2016-06-02,21190.0
2016-06-03,21130.0
2016-06-06,21420.0
2016-06-07,21410.0
2016-06-08,21550.0
2016-06-09,21650.0
2016-06-10,21830.0
2016-06-13,22070.0
2016-06-14,22050.0
2016-06-15,22100.0
2016-06-16,22450.0
2016-06-17,22120.0
2016-06-20,22150.0
2016-06-21,22080.0
2016-06-22,21880.0
2016-06-23,21840.0
2016-06-24,22730.0
2016-06-27,22890.0
2016-06-28,22640.0
2016-06-29,22710.0
2016-06-30,22660.0
2016-07-04,23100.0
2016-07-05,23080.0
2016-07-06,23570.0
2016-07-07,23480.0
2016-07-08,23310.0
2016-07-11,23300.0
2016-07-12,23180.0
2016-07-13,23010.0
2016-07-14,22720.0
2016-07-15,22720.0
2016-07-20,22670.0
2016-07-21,22620.0
2016-07-22,22630.0
2016-07-25,22530.0
2016-07-26,22610.0
2016-07-27,22580.0
2016-07-28,22830.0
2016-07-29,22710.0
2016-08-01,22900.0
2016-08-02,23050.0
2016-08-03,23240.0
2016-08-04,23060.0
2016-08-05,23160.0
2016-08-08,22730.0
2016-08-09,22780.0
2016-08-10,22940.0
2016-08-11,22830.0
2016-08-15,22670.0
2016-08-16,22790.0
2016-08-17,22740.0
2016-08-18,22780.0
2016-08-19,22750.0
2016-08-22,22590.0
2016-08-23,22630.0
2016-08-24,22610.0
2016-08-25,22350.0
2016-08-26,22430.0
2016-08-29,22310.0
2016-08-30,22310.0
2016-08-31,22270.0
2016-09-01,22140.0
2016-09-02,22210.0
2016-09-05,22530.0
2016-09-06,22580.0
2016-09-07,22810.0
2016-09-08,22850.0
2016-09-09,22720.0
2016-09-12,22670.0
2016-09-13,22680.0
2016-09-14,22610.0
2016-09-15,22560.0
2016-09-16,22420.0
2016-09-19,22410.0
2016-09-20,22370.0
2016-09-21,22440.0
2016-09-22,22580.0
2016-09-23,22640.0
2016-09-26,22590.0
2016-09-27,22580.0
2016-09-28,22420.0
2016-09-29,22360.0
2016-09-30,22470.0
2016-10-03,22300.0
2016-10-04,22220.0
2016-10-05,21710.0
2016-10-06,21600.0
2016-10-07,21450.0
2016-10-10,21660.0
2016-10-11,21760.0
2016-10-12,22010.0
2016-10-13,22020.0
2016-10-14,21780.0
2016-10-17,21710.0
2016-10-18,21720.0
2016-10-19,21750.0
2016-10-20,21800.0
2016-10-21,21800.0
2016-10-25,21750.0
2016-10-26,21860.0
2016-10-27,21850.0
2016-10-28,21800.0
2016-10-31,21850.0
2016-11-01,21990.0
2016-11-02,22210.0
2016-11-03,22180.0
2016-11-04,22300.0
2016-11-07,22020.0
2016-11-08,21980.0
2016-11-09,22200.0
2016-11-10,22060.0
2016-11-11,21710.0
2016-11-14,21260.0
2016-11-15,21230.0
2016-11-16,21340.0
2016-11-17,21320.0
2016-11-18,21020.0
2016-11-21,21150.0
2016-11-22,21150.0
2016-11-23,21120.0
2016-11-24,20760.0
2016-11-25,20740.0
2016-11-28,20800.0
2016-11-29,20740.0
2016-11-30,20720.0
2016-12-01,20430.0
2016-12-02,20510.0
2016-12-06,20450.0
2016-12-07,20470.0
2016-12-08,20500.0
2016-12-09,20440.0
2016-12-13,20210.0
2016-12-14,20260.0
2016-12-15,19950.0
2016-12-16,19980.0
2016-12-19,20090.0
2016-12-20,20060.0
2016-12-21,20080.0
2016-12-22,20040.0
2016-12-23,20030.0
2016-12-26,20060.0
2016-12-27,20260.0
2016-12-28,20220.0
2016-12-29,20290.0
2016-12-30,20400.0
2017-01-04,20500.0
2017-01-05,20600.0
2017-01-06,20640.0
2017-01-09,20650.0
2017-01-10,20680.0
2017-01-11,20740.0
2017-01-12,20880.0
2017-01-13,20790.0
2017-01-16,20870.0
2017-01-17,21050.0
2017-01-18,20970.0
2017-01-19,20870.0
2017-01-20,20840.0
2017-01-23,20970.0
2017-01-24,20930.0
2017-01-25,20780.0
2017-01-26,20590.0
2017-01-27,20470.0
2017-01-30,20560.0
2017-01-31,20660.0
2017-02-01,20850.0
2017-02-02,20880.0
2017-02-03,20860.0
2017-02-06,20950.0
2017-02-07,21070.0
2017-02-08,21200.0
2017-02-09,21270.0
2017-02-10,21030.0
2017-02-14,21070.0
2017-02-15,21060.0
2017-02-16,21220.0
2017-02-17,21270.0
2017-02-20,21210.0
2017-02-21,21140.0
2017-02-22,21210.0
2017-02-23,21210.0
2017-02-24,21460.0
2017-02-27,21410.0
2017-02-28,21380.0
2017-03-01,21320.0
2017-03-02,21310.0
2017-03-03,21080.0
2017-03-06,21140.0
2017-03-07,21030.0
2017-03-08,20950.0
2017-03-09,20870.0
2017-03-10,20760.0
2017-03-13,20900.0
2017-03-14,20830.0
2017-03-15,20770.0
2017-03-16,21010.0
2017-03-17,20990.0
2017-03-20,20970.0
2017-03-21,20930.0
2017-03-22,21140.0
2017-03-23,21130.0
2017-03-24,21100.0
2017-03-27,21180.0
2017-03-28,21120.0
2017-03-29,21120.0
2017-03-30,21070.0
2017-03-31,20910.0
2017-04-03,20950.0
2017-04-04,21180.0
2017-04-05,21160.0
2017-04-07,21380.0
2017-04-10,21230.0
2017-04-11,21250.0
2017-04-12,21460.0
2017-04-17,21600.0
2017-04-18,21610.0
2017-04-19,21540.0
2017-04-20,21530.0
2017-04-21,21560.0
2017-04-24,21430.0
2017-04-25,21430.0
2017-04-26,21360.0
2017-04-27,21430.0
2017-04-28,21470.0
2017-05-02,21250.0
2017-05-03,21220.0
2017-05-04,20970.0
2017-05-05,21010.0
2017-05-08,20960.0
2017-05-09,20890.0
2017-05-11,20830.0
2017-05-12,20920.0
2017-05-15,20870.0
2017-05-16,20910.0
2017-05-17,21060.0
2017-05-18,21310.0
2017-05-19,21110.0
2017-05-22,21170.0
2017-05-23,21240.0
2017-05-24,21100.0
2017-05-25,21100.0
2017-05-26,21130.0
2017-05-29,21170.0
2017-05-30,21110.0
2017-05-31,21090.0
2017-06-01,21150.0
2017-06-02,21110.0
2017-06-05,21290.0
2017-06-06,21410.0
2017-06-07,21470.0
2017-06-08,21390.0
2017-06-09,21240.0
2017-06-12,21170.0
2017-06-13,20980.0
2017-06-14,21050.0
2017-06-15,20930.0
2017-06-16,20890.0
2017-06-19,20790.0
2017-06-20,20740.0
2017-06-21,20810.0
2017-06-22,20860.0
2017-06-23,20930.0
2017-06-26,20690.0
2017-06-27,20820.0
2017-06-28,20870.0
2017-06-29,20790.0
2017-06-30,20730.0
2017-07-03,20590.0
2017-07-04,20430.0
2017-07-05,20380.0
2017-07-06,20460.0
2017-07-07,20440.0
2017-07-11,20240.0
2017-07-12,20330.0
2017-07-13,20360.0
2017-07-14,20270.0
2017-07-17,20350.0
2017-07-18,20390.0
2017-07-19,20430.0
2017-07-20,20430.0
2017-07-21,20470.0
2017-07-24,20570.0
2017-07-25,20540.0
2017-07-26,20460.0
2017-07-27,20610.0
2017-07-31,20660.0
2017-08-01,20660.0
2017-08-02,20660.0
2017-08-03,20590.0
2017-08-04,20650.0
2017-08-07,20490.0
2017-08-08,20520.0
2017-08-09,20630.0
2017-08-10,20790.0
2017-08-11,20920.0
2017-08-15,20750.0
2017-08-16,20680.0
2017-08-17,20890.0
2017-08-18,21050.0
2017-08-21,20970.0
2017-08-22,20940.0
2017-08-23,21010.0
2017-08-24,21020.0
2017-08-25,21020.0
2017-08-28,21090.0
2017-08-29,21450.0
2017-08-30,21330.0
2017-08-31,21230.0
2017-09-01,21420.0
2017-09-04,21650.0
2017-09-05,21610.0
2017-09-06,21710.0
2017-09-07,21680.0
2017-09-08,21860.0
2017-09-11,21680.0
2017-09-12,21460.0
2017-09-13,21540.0
2017-09-14,21420.0
2017-09-15,21420.0
2017-09-18,21270.0
2017-09-19,21190.0
2017-09-20,21290.0
2017-09-21,21020.0
2017-09-22,21000.0
2017-09-25,20980.0
2017-09-26,21200.0
2017-09-27,21010.0
2017-09-28,21010.0
2017-09-29,21010.0
2017-10-02,20840.0
2017-10-03,20820.0
2017-10-04,20850.0
2017-10-05,20880.0
2017-10-06,20800.0
2017-10-09,20960.0
2017-10-10,20980.0
2017-10-11,20970.0
2017-10-12,20970.0
2017-10-16,21100.0
2017-10-17,20900.0
2017-10-18,20750.0
2017-10-19,20810.0
2017-10-20,20780.0
2017-10-24,20760.0
2017-10-25,20680.0
2017-10-27,20700.0
2017-10-30,20740.0
2017-10-31,20800.0
2017-11-01,20780.0
2017-11-02,20750.0
2017-11-03,20720.0
2017-11-06,20660.0
2017-11-07,20750.0
2017-11-08,20760.0
2017-11-09,20830.0
2017-11-10,20850.0
2017-11-13,20720.0
2017-11-14,20660.0
2017-11-15,20770.0
2017-11-16,20650.0
2017-11-17,20650.0
2017-11-20,20730.0
2017-11-21,20540.0
2017-11-22,20540.0
2017-11-23,20600.0
2017-11-24,20620.0
2017-11-27,20640.0
2017-11-28,20630.0
2017-11-29,20610.0
2017-11-30,20490.0
2017-12-01,20390.0
2017-12-04,20370.0
2017-12-06,20240.0
2017-12-07,20070.0
2017-12-08,19920.0
2017-12-12,19870.0
2017-12-13,19810.0
2017-12-14,19950.0
2017-12-15,20020.0
2017-12-18,20090.0
2017-12-19,20220.0
2017-12-20,20260.0
2017-12-21,20280.0
2017-12-22,20310.0
2017-12-25,20430.0
2017-12-26,20520.0
2017-12-27,20650.0
2017-12-28,20660.0
2017-12-29,20710.0
2018-01-03,20780.0
2018-01-04,20730.0
2018-01-05,20750.0
2018-01-08,20750.0
2018-01-09,20760.0
2018-01-10,20680.0
2018-01-11,20670.0
2018-01-12,20830.0
2018-01-15,20950.0
2018-01-16,20880.0
2018-01-17,20890.0
2018-01-18,20770.0
2018-01-19,20830.0
2018-01-22,20790.0
2018-01-23,20810.0
2018-01-24,20880.0
2018-01-25,20910.0
2018-01-26,20790.0
2018-01-29,20700.0
2018-01-30,20650.0
2018-01-31,20610.0
2018-02-01,20580.0
2018-02-02,20670.0
2018-02-05,20600.0
2018-02-06,20740.0
2018-02-07,20540.0
2018-02-08,20430.0
2018-02-09,20440.0
2018-02-12,20490.0
2018-02-13,20480.0
2018-02-14,20490.0
2018-02-15,20730.0
2018-02-16,20780.0
2018-02-19,20710.0
2018-02-20,20630.0
2018-02-21,20500.0
2018-02-22,20480.0
2018-02-23,20490.0
2018-02-26,20550.0
2018-02-27,20500.0
2018-02-28,20330.0
2018-03-02,20340.0
2018-03-05,20440.0
2018-03-06,20360.0
2018-03-07,20470.0
2018-03-08,20380.0
2018-03-09,20280.0
2018-03-12,20250.0
2018-03-13,20200.0
2018-03-14,20220.0
2018-03-15,20210.0
2018-03-16,20170.0
2018-03-19,20060.0
2018-03-20,20080.0
2018-03-21,20140.0
2018-03-22,20330.0
2018-03-23,20490.0
2018-03-26,20550.0
2018-03-27,20580.0
2018-03-28,20490.0
2018-03-29,20260.0
2018-03-30,20290.0
2018-04-02,20330.0
2018-04-03,20400.0
2018-04-04,20520.0
2018-04-05,20300.0
2018-04-09,20330.0
2018-04-10,20400.0
2018-04-11,20490.0
2018-04-12,20560.0
2018-04-17,20490.0
2018-04-18,20600.0
2018-04-19,20630.0
2018-04-20,20570.0
2018-04-23,20510.0
2018-04-24,20480.0
2018-04-25,20500.0
2018-04-26,20500.0
2018-04-27,20450.0
2018-04-30,20400.0
2018-05-02,20410.0
2018-05-03,20390.0
2018-05-04,20410.0
2018-05-07,20510.0
2018-05-08,20490.0
2018-05-09,20560.0
2018-05-10,20660.0
2018-05-11,20670.0
2018-05-14,20580.0
2018-05-15,20500.0
2018-05-16,20340.0
2018-05-17,20270.0
2018-05-18,20310.0
2018-05-21,20310.0
2018-05-22,20350.0
2018-05-23,20420.0
2018-05-24,20350.0
2018-05-25,20410.0
2018-05-28,20340.0
2018-05-30,20420.0
2018-05-31,20450.0
2018-06-01,20380.0
2018-06-04,20260.0
2018-06-05,20230.0
2018-06-06,20250.0
2018-06-07,20310.0
2018-06-08,20400.0
2018-06-11,20340.0
2018-06-12,20390.0
2018-06-13,20380.0
2018-06-14,20520.0
2018-06-15,20610.0
2018-06-18,20550.0
2018-06-19,20620.0
2018-06-20,20500.0
2018-06-21,20470.0
2018-06-22,20540.0
2018-06-25,20550.0
2018-06-26,20390.0
2018-06-27,20410.0
2018-06-28,20380.0
2018-06-29,20380.0
2018-07-02,20350.0
2018-07-03,20330.0
2018-07-04,20450.0
2018-07-05,20440.0
2018-07-06,20450.0
2018-07-09,20530.0
2018-07-10,20410.0
2018-07-11,20430.0
2018-07-12,20330.0
2018-07-13,20330.0
2018-07-16,20330.0
2018-07-17,20310.0
2018-07-18,20030.0
2018-07-19,19990.0
2018-07-20,20100.0
2018-07-23,20160.0
2018-07-24,20090.0
2018-07-25,20110.0
2018-07-26,20050.0
2018-07-31,19880.0
2018-08-01,19880.0
2018-08-02,19840.0
2018-08-03,19750.0
2018-08-06,19790.0
2018-08-07,19810.0
2018-08-08,19740.0
2018-08-09,19740.0
2018-08-10,19730.0
2018-08-14,19470.0
2018-08-15,19390.0
2018-08-16,19250.0
2018-08-17,19210.0
2018-08-20,19320.0
2018-08-21,19200.0
2018-08-22,19240.0
2018-08-23,19120.0
2018-08-24,19160.0
2018-08-27,19280.0
2018-08-28,19410.0
2018-08-29,19350.0
2018-08-30,19340.0
2018-08-31,19400.0
2018-09-03,19310.0
2018-09-04,19260.0
2018-09-05,19250.0
2018-09-06,19380.0
2018-09-07,19320.0
2018-09-10,19270.0
2018-09-11,19240.0
2018-09-12,19270.0
2018-09-13,19340.0
2018-09-14,19290.0
2018-09-17,19180.0
2018-09-18,19180.0
2018-09-19,19170.0
2018-09-20,19140.0
2018-09-21,19190.0
2018-09-24,19080.0
2018-09-25,19110.0
2018-09-26,19090.0
2018-09-27,19020.0
2018-09-28,18790.0
2018-10-01,18780.0
2018-10-02,18950.0
2018-10-03,19120.0
2018-10-04,19180.0
2018-10-05,19370.0
2018-10-08,19310.0
2018-10-09,19230.0
2018-10-10,19200.0
2018-10-11,19380.0
2018-10-12,19630.0
2018-10-16,19720.0
2018-10-17,19620.0
2018-10-18,19610.0
2018-10-19,19700.0
2018-10-22,19680.0
2018-10-24,19890.0
2018-10-25,19930.0
2018-10-26,20120.0
2018-10-29,20030.0
2018-10-30,20010.0
2018-10-31,19830.0
2018-11-01,19850.0
2018-11-02,19930.0
2018-11-05,19930.0
2018-11-06,19960.0
2018-11-07,19890.0
2018-11-08,19760.0
2018-11-09,19800.0
2018-11-12,19630.0
2018-11-13,19460.0
2018-11-14,19440.0
2018-11-15,19630.0
2018-11-16,19680.0
2018-11-19,19710.0
2018-11-20,19800.0
2018-11-21,19840.0
2018-11-22,19880.0
2018-11-23,19850.0
2018-11-26,19870.0
2018-11-27,19810.0
2018-11-28,19670.0
2018-11-29,19800.0
2018-11-30,19730.0
2018-12-03,19780.0
2018-12-04,19880.0
2018-12-06,19900.0
2018-12-07,19940.0
2018-12-11,20070.0
2018-12-12,19990.0
2018-12-13,19960.0
2018-12-14,19900.0
2018-12-17,19890.0
2018-12-18,20020.0
2018-12-19,20010.0
2018-12-20,20100.0
2018-12-21,20130.0
2018-12-24,20140.0
2018-12-25,20330.0
2018-12-26,20380.0
2018-12-27,20350.0
2018-12-28,20390.0
2019-01-02,20390.0
2019-01-03,20330.0
2019-01-04,20300.0
2019-01-07,20260.0
2019-01-08,20190.0
2019-01-09,20120.0
2019-01-10,20240.0
2019-01-11,20220.0
2019-01-14,20270.0
2019-01-15,20160.0
2019-01-16,20060.0
2019-01-17,20130.0
2019-01-18,19980.0
2019-01-21,19950.0
2019-01-22,20040.0
2019-01-23,20010.0
2019-01-24,19920.0
2019-01-25,19940.0
2019-01-28,20110.0
2019-01-29,20210.0
2019-01-30,20220.0
2019-01-31,20230.0
2019-02-01,20220.0
2019-02-04,20120.0
2019-02-05,20120.0
2019-02-06,20110.0
2019-02-07,20020.0
2019-02-08,20190.0
2019-02-11,20110.0
2019-02-12,20150.0
2019-02-13,20150.0
2019-02-14,20080.0
2019-02-15,20150.0
2019-02-18,20250.0
2019-02-20,20430.0
2019-02-21,20400.0
2019-02-22,20350.0
2019-02-25,20410.0
2019-02-26,20370.0
2019-02-27,20430.0
2019-02-28,20490.0
2019-03-01,20380.0
2019-03-04,20160.0
2019-03-05,20060.0
2019-03-06,20140.0
2019-03-07,20100.0
2019-03-08,20180.0
2019-03-11,20200.0
2019-03-12,20150.0
2019-03-13,20280.0
2019-03-14,20200.0
2019-03-15,20260.0
2019-03-18,20280.0
2019-03-19,20290.0
2019-03-20,20290.0
2019-03-21,20460.0
2019-03-22,20400.0
2019-03-25,20410.0
2019-03-26,20420.0
2019-03-27,20520.0
2019-03-28,20380.0
2019-03-29,20120.0
2019-04-01,20100.0
2019-04-02,20080.0
2019-04-03,20110.0
2019-04-04,20130.0
2019-04-05,20140.0
2019-04-09,20280.0
2019-04-10,20310.0
2019-04-11,20310.0
2019-04-12,20180.0
2019-04-17,19860.0
2019-04-18,19990.0
2019-04-19,19980.0
2019-04-22,20060.0
2019-04-23,20020.0
2019-04-24,20050.0
2019-04-25,20160.0
2019-04-26,20160.0
2019-04-29,20150.0
2019-04-30,20180.0
2019-05-02,20040.0
2019-05-03,20020.0
2019-05-07,20100.0
2019-05-08,20150.0
2019-05-09,20060.0
2019-05-10,19940.0
2019-05-13,19940.0
2019-05-14,20070.0
2019-05-15,20130.0
2019-05-16,20080.0
2019-05-17,20010.0
2019-05-21,19990.0
2019-05-22,19980.0
2019-05-23,20020.0
2019-05-24,20050.0
2019-05-27,20080.0
2019-05-28,20060.0
2019-05-29,20040.0
2019-05-30,19930.0
2019-05-31,20130.0
2019-06-04,20320.0
2019-06-05,20500.0
2019-06-06,20470.0
2019-06-07,20530.0
2019-06-10,20460.0
2019-06-11,20340.0
2019-06-12,20470.0
2019-06-13,20480.0
2019-06-14,20690.0
2019-06-17,20500.0
2019-06-18,20700.0
2019-06-19,20590.0
2019-06-20,20970.0
2019-06-21,21010.0
2019-06-24,21200.0
2019-06-25,21520.0
2019-06-26,21200.0
2019-06-27,21180.0
2019-06-28,21250.0
2019-07-01,20850.0
2019-07-02,20960.0
2019-07-03,21330.0
2019-07-04,21240.0
2019-07-05,21250.0
2019-07-08,21190.0
2019-07-09,20990.0
2019-07-10,21090.0
2019-07-11,21310.0
2019-07-12,21260.0
2019-07-15,21410.0
2019-07-17,21230.0
2019-07-18,21480.0
2019-07-19,21700.0
2019-07-22,21520.0
2019-07-23,21480.0
2019-07-24,21570.0
2019-07-25,21580.0
2019-07-26,21500.0
2019-07-30,21550.0
2019-07-31,21550.0
2019-08-01,21270.0
2019-08-02,21660.0
2019-08-05,21950.0
2019-08-06,21980.0
2019-08-07,22390.0
2019-08-08,22490.0
2019-08-09,22570.0
2019-08-13,23080.0
2019-08-14,22600.0
2019-08-15,22920.0
2019-08-16,22780.0
2019-08-19,22620.0
2019-08-20,22680.0
2019-08-21,22560.0
2019-08-22,22530.0
2019-08-23,22440.0
2019-08-26,22840.0
2019-08-27,22970.0
2019-08-28,23200.0
2019-08-29,23130.0
2019-08-30,22930.0
2019-09-02,22910.0
2019-09-03,23020.0
2019-09-04,23070.0
2019-09-05,23060.0
2019-09-06,22590.0
2019-09-09,22640.0
2019-09-10,22410.0
2019-09-11,22370.0
2019-09-12,22420.0
2019-09-13,22410.0
2019-09-16,22430.0
2019-09-17,22420.0
2019-09-18,22450.0
2019-09-19,22370.0
2019-09-20,22430.0
2019-09-23,22660.0
2019-09-24,22720.0
2019-09-25,22870.0
2019-09-26,22610.0
2019-09-27,22430.0
2019-09-30,22340.0
2019-10-01,22090.0
2019-10-02,22310.0
2019-10-03,22510.0
2019-10-04,22540.0
2019-10-07,22450.0
2019-10-08,22390.0
2019-10-09,22360.0
2019-10-10,22490.0
2019-10-11,22290.0
2019-10-15,22270.0
2019-10-16,22120.0
2019-10-17,22090.0
2019-10-18,22120.0
2019-10-21,22120.0
2019-10-22,22110.0
2019-10-24,22100.0
2019-10-25,22250.0
2019-10-28,22280.0
2019-10-29,22110.0
2019-10-30,22080.0
2019-10-31,22260.0
2019-11-01,22340.0
2019-11-04,22350.0
2019-11-05,22250.0
2019-11-06,22100.0
2019-11-07,22070.0
2019-11-08,21810.0
2019-11-11,21780.0
2019-11-12,21620.0
2019-11-13,21710.0
2019-11-14,21750.0
2019-11-15,21670.0
2019-11-18,21610.0
2019-11-19,21690.0
2019-11-20,21820.0
2019-11-21,21740.0
2019-11-22,21740.0
2019-11-25,21600.0
2019-11-26,21550.0
2019-11-27,21590.0
2019-11-28,21580.0
2019-11-29,21550.0
2019-12-02,21570.0
2019-12-03,21720.0
2019-12-04,21850.0
2019-12-06,21870.0
2019-12-09,21670.0
2019-12-11,21720.0
2019-12-12,21730.0
2019-12-13,21730.0
2019-12-16,21820.0
2019-12-17,21850.0
2019-12-18,21840.0
2019-12-19,21850.0
2019-12-20,21890.0
2019-12-23,21980.0
2019-12-24,22050.0
2019-12-25,22170.0
2019-12-26,22260.0
2019-12-27,22360.0
2019-12-30,22230.0
2020-01-02,22410.0
2020-01-03,22830.0
2020-01-06,23220.0
2020-01-07,23120.0
2020-01-08,23510.0
2020-01-09,22900.0
2020-01-10,22910.0
2020-01-13,22890.0
2020-01-14,22860.0
2020-01-15,22970.0
2020-01-16,23070.0
2020-01-17,23120.0
2020-01-20,23140.0
2020-01-21,23110.0
2020-01-22,23100.0
2020-01-23,23170.0
2020-01-24,23310.0
2020-01-27,23770.0
2020-01-28,23850.0
2020-01-29,23830.0
2020-01-30,24060.0
2020-01-31,24070.0
2020-02-03,23980.0
2020-02-04,23660.0
2020-02-05,23390.0
2020-02-06,23680.0
2020-02-07,23930.0
2020-02-11,23930.0
2020-02-12,23810.0
2020-02-13,23920.0
2020-02-14,24060.0
2020-02-17,24160.0
2020-02-18,24280.0
2020-02-19,24550.0
2020-02-20,24770.0
2020-02-21,25340.0
2020-02-24,26100.0
2020-02-25,25580.0
2020-02-26,25750.0
2020-02-27,25510.0
2020-02-28,25150.0
2020-03-02,24700.0
2020-03-03,24590.0
2020-03-04,25030.0
2020-03-05,25280.0
2020-03-06,25780.0
2020-03-09,25600.0
2020-03-10,25400.0
2020-03-11,25400.0
2020-03-12,25180.0
2020-03-13,24530.0
2020-03-16,23850.0
2020-03-17,23140.0
2020-03-18,23620.0
2020-03-19,23570.0
2020-03-20,23940.0
2020-03-23,24030.0
2020-03-24,25860.0
2020-03-25,25830.0
2020-03-26,25650.0
2020-03-27,25770.0
2020-03-30,25790.0
2020-03-31,25630.0
2020-04-01,25520.0
2020-04-02,25490.0
2020-04-03,25850.0
2020-04-07,26350.0
2020-04-08,26360.0
2020-04-09,26620.0
2020-04-10,26910.0
2020-04-13,26950.0
2020-04-14,27460.0
2020-04-15,27220.0
2020-04-16,27370.0
2020-04-17,26830.0
2020-04-20,26560.0
2020-04-21,26490.0
2020-04-22,26790.0
2020-04-23,27150.0
2020-04-24,27310.0
2020-04-27,27110.0
2020-04-28,27000.0
2020-04-29,26940.0
2020-04-30,27020.0
2020-05-05,26790.0
2020-05-07,26730.0
2020-05-08,27030.0
2020-05-11,26640.0
2020-05-12,26670.0
2020-05-13,26580.0
2020-05-14,26850.0
2020-05-15,27090.0
2020-05-18,27450.0
2020-05-19,26950.0
2020-05-20,27100.0
2020-05-21,26850.0
2020-05-22,26920.0
2020-05-25,26910.0
2020-05-26,26730.0
2020-05-27,26460.0
2020-05-28,26730.0
2020-05-29,26700.0
2020-06-01,26770.0
2020-06-02,26680.0
2020-06-04,26220.0
2020-06-05,26180.0
2020-06-08,25930.0
2020-06-09,26090.0
2020-06-10,26100.0
2020-06-11,26130.0
2020-06-12,26140.0
2020-06-15,26000.0
2020-06-16,26210.0
2020-06-17,26100.0
2020-06-18,26180.0
2020-06-19,26100.0
2020-06-22,26400.0
2020-06-23,26490.0
2020-06-24,26710.0
2020-06-25,26550.0
2020-06-26,26540.0
2020-06-29,26590.0
2020-06-30,26610.0
2020-07-01,26880.0
2020-07-02,26790.0
2020-07-03,26850.0
2020-07-07,26970.0
2020-07-08,27340.0
2020-07-09,27470.0
2020-07-10,27440.0
2020-07-13,27560.0
2020-07-14,27600.0
2020-07-15,27700.0
2020-07-16,27750.0
2020-07-17,27760.0
2020-07-20,27980.0
2020-07-21,28080.0
2020-07-22,28490.0
2020-07-23,28990.0
2020-07-24,29140.0
2020-07-29,29870.0
2020-07-30,29810.0
2020-07-31,29910.0
2020-08-03,29880.0
2020-08-04,29810.0
2020-08-05,30630.0
2020-08-06,30920.0
2020-08-07,31100.0
2020-08-10,30700.0
2020-08-11,30000.0
2020-08-13,29120.0
2020-08-14,29370.0
2020-08-17,29610.0
2020-08-18,30380.0
2020-08-19,30180.0
2020-08-20,29490.0
2020-08-21,29610.0
2020-08-24,29810.0
2020-08-25,29440.0
2020-08-26,29290.0
2020-08-27,29530.0
2020-08-28,29650.0
2020-08-31,29750.0
2020-09-01,30040.0
2020-09-02,29890.0
2020-09-03,29530.0
2020-09-08,29330.0
2020-09-09,29410.0
2020-09-10,29650.0
2020-09-11,29650.0
2020-09-14,29590.0
2020-09-15,29800.0
2020-09-16,29710.0
2020-09-17,29430.0
2020-09-18,29530.0
2020-09-21,29280.0
2020-09-22,29020.0
2020-09-23,28880.0
2020-09-24,28410.0
2020-09-25,28650.0
2020-09-28,28580.0
2020-09-29,28950.0
2020-09-30,29010.0
2020-10-01,29110.0
2020-10-02,29380.0
2020-10-05,29080.0
2020-10-06,29080.0
2020-10-07,28730.0
2020-10-08,28640.0
2020-10-09,28860.0
2020-10-12,29170.0
2020-10-14,28830.0
2020-10-15,28820.0
2020-10-16,28980.0
2020-10-19,29040.0
2020-10-20,29030.0
2020-10-21,29160.0
2020-10-22,29190.0
2020-10-26,28960.0
2020-10-27,28910.0
2020-10-28,28870.0
2020-10-29,28580.0
2020-10-30,28470.0
2020-11-02,28590.0
2020-11-03,28660.0
2020-11-04,28640.0
2020-11-05,28740.0
2020-11-06,28920.0
2020-11-09,29060.0
2020-11-10,27790.0
2020-11-11,27630.0
2020-11-12,27530.0
2020-11-13,27580.0
2020-11-16,27820.0
2020-11-17,27700.0
2020-11-18,27660.0
2020-11-19,27510.0
2020-11-20,27520.0
2020-11-23,27500.0
2020-11-24,26930.0
2020-11-25,26750.0
2020-11-26,26700.0
2020-11-27,26650.0
2020-11-30,26080.0
2020-12-01,26370.0
2020-12-02,26820.0
2020-12-03,26950.0
2020-12-04,26960.0
2020-12-08,27170.0
2020-12-09,27180.0
2020-12-14,26700.0
2020-12-15,26930.0
2020-12-16,27140.0
2020-12-17,27200.0
2020-12-18,27210.0
2020-12-21,27550.0
2020-12-22,27450.0
2020-12-23,27550.0
2020-12-24,27480.0
2020-12-25,27460.0
2020-12-28,27650.0
2020-12-29,27510.0
2020-12-30,27370.0
2021-01-04,28010.0
2021-01-05,28320.0
2021-01-06,28400.0
2021-01-07,27960.0
2021-01-08,27640.0
2021-01-11,27050.0
2021-01-12,27240.0
2021-01-13,27090.0
2021-01-14,26850.0
2021-01-15,27090.0
2021-01-18,26810.0
2021-01-19,26960.0
2021-01-20,27070.0
2021-01-21,27240.0
2021-01-22,27140.0
2021-01-25,27080.0
2021-01-26,27090.0
2021-01-27,26970.0
2021-01-28,26900.0
2021-01-29,26950.0
2021-02-01,27140.0
2021-02-02,27010.0
2021-02-03,26820.0
2021-02-04,26570.0
2021-02-05,26440.0
2021-02-08,26490.0
2021-02-09,26890.0
2021-02-10,26800.0
2021-02-11,26770.0
2021-02-15,26440.0
2021-02-16,26530.0
2021-02-17,26060.0
2021-02-18,26100.0
2021-02-19,26280.0
2021-02-22,26280.0
2021-02-23,26390.0
2021-02-24,26370.0
2021-02-25,26310.0
2021-03-01,25770.0
2021-03-02,25480.0
2021-03-03,25550.0
2021-03-04,25330.0
2021-03-05,25160.0
2021-03-08,25370.0
2021-03-09,25520.0
2021-03-10,25640.0
2021-03-11,25810.0
2021-03-12,25490.0
2021-03-15,25890.0
2021-03-16,25930.0
2021-03-17,26030.0
2021-03-18,26040.0
2021-03-19,26100.0
2021-03-22,26060.0
2021-03-23,26180.0
2021-03-24,26170.0
2021-03-25,26230.0
2021-03-26,26170.0
2021-03-29,26190.0
2021-03-30,25840.0
2021-03-31,25670.0
2021-04-01,26120.0
2021-04-02,26320.0
2021-04-05,26340.0
2021-04-07,26490.0
2021-04-08,26680.0
2021-04-09,26700.0
2021-04-12,26690.0
2021-04-16,26940.0
2021-04-19,27160.0
2021-04-20,26900.0
2021-04-21,27150.0
2021-04-22,27280.0
2021-04-23,27300.0
2021-04-26,27270.0
2021-04-27,27220.0
2021-04-28,26980.0
2021-04-29,26990.0
2021-04-30,26810.0
2021-05-05,26920.0
2021-05-06,27230.0
2021-05-07,27570.0
2021-05-10,27730.0
2021-05-11,27760.0
2021-05-12,27780.0
2021-05-13,27680.0
2021-05-14,27970.0
2021-05-17,28250.0
2021-05-18,28560.0
2021-05-19,28420.0
2021-05-20,28510.0
2021-05-21,28670.0
2021-05-24,28650.0
2021-05-25,28690.0
2021-05-27,28820.0
2021-05-28,28730.0
2021-05-31,28910.0
2021-06-01,28830.0
2021-06-02,28680.0
2021-06-04,28390.0
2021-06-07,28530.0
2021-06-08,28660.0
2021-06-09,28600.0
2021-06-10,28470.0
2021-06-11,28550.0
2021-06-14,28150.0
2021-06-15,28210.0
2021-06-16,28180.0
2021-06-17,27630.0
2021-06-18,27440.0
2021-06-21,27440.0
2021-06-22,27450.0
2021-06-23,27630.0
2021-06-24,27600.0
2021-06-25,27570.0
2021-06-28,27600.0
2021-06-29,27620.0
2021-06-30,27460.0
2021-07-01,27670.0
2021-07-02,27910.0
2021-07-05,27990.0
2021-07-06,28280.0
2021-07-07,28330.0
2021-07-08,28590.0
2021-07-09,28590.0
2021-07-12,28610.0
2021-07-13,28620.0
2021-07-14,28780.0
2021-07-15,29080.0
2021-07-16,29010.0
2021-07-19,28790.0
2021-07-20,28960.0
2021-07-21,28810.0
2021-07-22,28680.0
2021-07-23,28830.0
2021-07-27,28800.0
2021-07-29,29090.0
2021-07-30,29220.0
2021-08-02,28930.0
2021-08-03,29060.0
2021-08-04,29190.0
2021-08-05,29260.0
2021-08-06,29200.0
2021-08-09,28380.0
2021-08-10,28180.0
2021-08-11,28180.0
2021-08-13,28540.0
2021-08-16,28870.0
2021-08-17,29030.0
2021-08-18,28960.0
2021-08-19,29030.0
2021-08-20,28920.0
2021-08-23,28980.0
2021-08-24,28880.0
2021-08-25,28540.0
2021-08-26,28440.0
2021-08-27,28500.0
2021-08-30,28640.0
2021-08-31,28430.0
2021-09-01,28480.0
2021-09-02,28630.0
2021-09-03,28730.0
2021-09-06,28800.0
2021-09-07,28720.0
2021-09-08,28640.0
2021-09-09,28540.0
2021-09-10,28540.0
2021-09-13,28600.0
2021-09-14,28630.0
2021-09-15,28790.0
2021-09-16,28590.0
2021-09-17,28540.0
2021-09-20,28520.0
2021-09-21,28660.0
2021-09-22,28880.0
2021-09-23,28590.0
2021-09-27,28520.0
2021-09-28,28540.0
2021-09-29,28660.0
2021-09-30,28470.0
2021-10-01,28700.0
2021-10-04,28770.0
2021-10-05,28840.0
2021-10-06,28840.0
2021-10-07,28910.0
2021-10-08,28920.0
2021-10-11,28880.0
2021-10-12,28600.0
2021-10-14,28940.0
2021-10-15,28840.0
2021-10-18,28670.0
2021-10-19,28810.0
2021-10-20,28830.0
2021-10-21,28970.0
2021-10-25,28960.0
2021-10-26,29000.0
2021-10-27,28930.0
2021-10-28,29060.0
2021-10-29,28970.0
2021-11-01,28950.0
2021-11-02,28980.0
2021-11-03,28810.0
2021-11-04,28820.0
2021-11-05,29030.0
2021-11-08,29110.0
2021-11-09,29030.0
2021-11-10,29010.0
2021-11-11,29740.0
2021-11-12,29500.0
2021-11-15,29530.0
2021-11-16,29700.0
2021-11-17,29540.0
2021-11-18,29440.0
2021-11-19,29550.0
2021-11-22,29430.0
2021-11-23,28860.0
2021-11-24,28980.0
2021-11-25,29010.0
2021-11-26,29440.0
2021-11-29,29430.0
2021-11-30,29360.0
2021-12-01,29170.0
2021-12-02,29110.0
2021-12-03,29060.0
2021-12-07,29100.0
2021-12-08,29060.0
2021-12-09,28950.0
2021-12-13,28930.0
2021-12-14,28960.0
2021-12-15,28750.0
2021-12-16,28980.0
2021-12-17,29230.0
2021-12-20,29320.0
2021-12-21,29360.0
2021-12-22,29280.0
2021-12-23,29420.0
2021-12-24,29380.0
2021-12-27,29390.0
2021-12-28,29470.0
2021-12-29,29280.0
2021-12-30,29140.0
2022-01-04,29160.0
2022-01-05,29280.0
2022-01-06,29180.0
2022-01-07,29210.0
2022-01-10,29300.0
2022-01-11,29270.0
2022-01-12,29360.0
2022-01-13,29330.0
2022-01-14,29350.0
2022-01-17,29220.0
2022-01-18,29070.0
2022-01-19,29110.0
2022-01-20,29300.0
2022-01-21,29300.0
2022-01-24,29440.0
2022-01-25,29450.0
2022-01-26,29520.0
2022-01-27,29240.0
2022-01-28,29040.0
2022-01-31,28950.0
2022-02-01,29100.0
2022-02-02,29060.0
2022-02-03,29040.0
2022-02-04,28990.0
2022-02-07,29020.0
2022-02-08,29060.0
2022-02-09,29010.0
2022-02-10,29000.0
2022-02-11,28970.0
2022-02-14,29260.0
2022-02-15,29150.0
2022-02-17,29450.0
2022-02-18,29530.0
2022-02-21,29530.0
2022-02-22,29840.0
2022-02-23,29600.0
2022-02-24,30730.0
2022-02-25,30120.0
2022-02-28,30090.0
2022-03-01,30280.0
2022-03-02,30670.0
2022-03-03,30470.0
2022-03-04,30810.0
2022-03-07,31930.0
2022-03-08,32230.0
2022-03-09,32350.0
2022-03-10,31820.0
2022-03-11,32100.0
2022-03-14,31780.0
2022-03-15,31350.0
2022-03-16,31130.0
2022-03-17,31260.0
2022-03-18,31210.0
2022-03-21,31270.0
2022-03-22,31290.0
2022-03-23,31420.0
2022-03-24,31620.0
2022-03-25,31790.0
2022-03-28,31620.0
2022-03-29,31240.0
2022-03-30,30970.0
2022-03-31,31040.0
2022-04-01,31350.0
2022-04-04,31260.0
2022-04-05,31280.0
2022-04-07,31290.0
2022-04-08,31460.0
2022-04-11,31840.0
2022-04-12,31820.0
2022-04-18,32500.0
2022-04-19,32300.0
2022-04-20,31880.0
2022-04-21,31950.0
2022-04-22,31990.0
2022-04-25,31670.0
2022-04-26,31590.0
2022-04-27,31590.0
2022-04-28,31580.0
2022-04-29,31800.0
2022-05-03,31140.0
2022-05-05,31350.0
2022-05-06,31390.0
2022-05-09,31320.0
2022-05-10,31160.0
2022-05-11,31050.0
2022-05-12,31130.0
2022-05-13,30760.0
2022-05-17,30590.0
2022-05-18,30500.0
2022-05-19,30580.0
2022-05-20,30670.0
2022-05-23,30850.0
2022-05-24,30720.0
2022-05-25,30800.0
2022-05-26,30620.0
2022-05-27,30770.0
2022-05-30,30690.0
2022-05-31,30670.0
2022-06-01,30500.0
2022-06-02,30840.0
2022-06-06,30840.0
2022-06-07,30820.0
2022-06-08,30900.0
2022-06-09,30910.0
2022-06-10,31020.0
2022-06-13,31270.0
2022-06-14,30930.0
2022-06-15,31020.0
2022-06-16,31100.0
2022-06-17,31600.0
2022-06-20,31520.0
2022-06-21,31460.0
2022-06-22,31480.0
2022-06-23,31570.0
2022-06-24,31440.0
2022-06-27,31450.0
2022-06-28,31050.0
2022-06-29,31000.0
2022-06-30,31060.0
2022-07-01,31070.0
2022-07-04,31270.0
2022-07-05,31320.0
2022-07-06,30910.0
2022-07-07,30570.0
2022-07-08,30360.0
2022-07-11,30440.0
2022-07-12,30580.0
2022-07-14,30400.0
2022-07-15,30260.0
2022-07-18,30600.0
2022-07-19,30430.0
2022-07-20,30450.0
2022-07-21,30230.0
2022-07-22,30700.0
2022-07-25,30710.0
2022-07-26,30610.0
2022-07-27,30740.0
2022-08-01,30880.0
2022-08-02,31030.0
2022-08-03,31020.0
2022-08-04,31050.0
2022-08-05,30780.0
2022-08-08,30730.0
2022-08-09,30680.0
2022-08-10,30890.0
2022-08-11,30510.0
2022-08-15,30660.0
2022-08-16,30510.0
2022-08-17,30470.0
2022-08-18,30510.0
2022-08-19,30340.0
2022-08-22,30350.0
2022-08-23,30430.0
2022-08-24,30630.0
2022-08-25,30650.0
2022-08-26,30580.0
2022-08-29,30500.0
2022-08-30,30630.0
2022-08-31,30380.0
2022-09-01,30420.0
2022-09-02,30420.0
2022-09-05,30430.0
2022-09-06,30370.0
2022-09-07,30410.0
2022-09-08,30430.0
2022-09-09,30390.0
2022-09-12,30400.0
2022-09-13,30360.0
2022-09-14,30280.0
2022-09-15,30180.0
2022-09-16,29870.0
2022-09-19,29850.0
2022-09-20,29920.0
2022-09-21,30210.0
2022-09-22,30280.0
2022-09-23,30210.0
2022-09-26,30240.0
2022-09-27,30180.0
2022-09-28,30130.0
2022-09-29,30510.0
2022-09-30,30570.0
2022-10-03,30760.0
2022-10-04,31170.0
2022-10-05,31020.0
2022-10-06,31070.0
2022-10-07,31090.0
2022-10-10,31000.0
2022-10-11,30920.0
2022-10-12,30950.0
2022-10-17,30820.0
2022-10-18,30600.0
2022-10-19,30510.0
2022-10-20,30400.0
2022-10-21,30320.0
2022-10-25,30560.0
2022-10-26,30640.0
2022-10-27,30530.0
2022-10-28,30360.0
2022-10-31,30320.0
2022-11-01,30300.0
2022-11-02,30190.0
2022-11-03,29930.0
2022-11-04,29950.0
2022-11-07,30380.0
2022-11-08,30210.0
2022-11-09,30510.0
2022-11-10,30520.0
2022-11-11,30680.0
2022-11-14,30580.0
2022-11-15,30620.0
2022-11-16,30820.0
2022-11-17,30690.0
2022-11-18,30650.0
2022-11-21,30570.0
2022-11-22,30580.0
2022-11-23,30580.0
2022-11-24,30460.0
2022-11-25,30420.0
2022-11-28,30400.0
2022-11-29,30120.0
2022-11-30,30080.0
2022-12-01,30170.0
2022-12-02,30290.0
2022-12-06,30160.0
2022-12-07,30170.0
2022-12-08,30070.0
2022-12-09,30200.0
2022-12-13,30110.0
2022-12-14,30300.0
2022-12-15,30110.0
2022-12-16,30130.0
2022-12-19,30350.0
2022-12-20,30430.0
2022-12-21,30520.0
2022-12-22,30530.0
2022-12-23,30300.0
2022-12-26,30310.0
2022-12-27,30360.0
2022-12-28,30320.0
2022-12-29,30330.0
2022-12-30,30380.0
2023-01-03,30620.0
2023-01-04,30630.0
2023-01-05,30440.0
2023-01-06,30260.0
2023-01-09,30410.0
2023-01-10,30480.0
2023-01-11,30450.0
2023-01-12,30460.0
2023-01-13,30420.0
2023-01-16,30660.0
2023-01-17,30610.0
2023-01-18,30530.0
2023-01-19,30640.0
2023-01-20,30700.0
2023-01-23,30570.0
2023-01-24,30770.0
2023-01-25,30730.0
2023-01-26,30780.0
2023-01-27,30770.0
2023-01-30,30570.0
2023-01-31,30480.0
2023-02-01,30680.0
2023-02-02,31190.0
2023-02-03,30680.0
2023-02-06,30650.0
2023-02-07,30680.0
2023-02-08,30640.0
2023-02-09,30590.0
2023-02-10,30560.0
2023-02-13,30580.0
2023-02-14,30590.0
2023-02-15,30610.0
2023-02-16,30640.0
2023-02-17,30700.0
2023-02-20,30830.0
2023-02-21,30860.0
2023-02-22,30860.0
2023-02-23,30790.0
2023-02-24,30870.0
2023-02-27,30910.0
2023-02-28,31160.0
2023-03-01,31070.0
2023-03-02,31080.0
2023-03-03,31190.0
2023-03-07,31060.0
2023-03-08,31020.0
2023-03-09,31000.0
2023-03-10,31270.0
2023-03-13,31710.0
2023-03-14,31880.0
2023-03-15,31830.0
2023-03-16,32070.0
2023-03-17,32020.0
2023-03-20,32910.0
2023-03-21,32780.0
2023-03-22,32510.0
2023-03-23,32700.0
2023-03-24,32990.0
2023-03-27,32750.0
2023-03-28,32510.0
2023-03-29,32570.0
2023-03-30,32670.0
2023-03-31,32830.0
2023-04-03,32780.0
2023-04-04,32940.0
2023-04-05,33330.0
2023-04-07,33400.0
2023-04-10,33330.0
2023-04-11,33290.0
2023-04-12,33440.0
2023-04-17,33540.0
2023-04-18,33320.0
2023-04-19,33120.0
2023-04-20,33370.0
2023-04-21,33170.0
2023-04-24,33120.0
2023-04-25,33180.0
2023-04-26,33180.0
2023-04-27,33080.0
2023-04-28,32830.0
2023-05-02,32930.0
2023-05-03,33300.0
2023-05-08,33130.0
2023-05-09,33150.0
2023-05-10,33130.0
2023-05-11,33110.0
2023-05-12,33010.0
2023-05-15,32980.0
2023-05-16,33040.0
2023-05-17,32950.0
2023-05-18,32930.0
2023-05-19,32820.0
2023-05-22,33020.0
2023-05-23,32950.0
2023-05-24,33070.0
2023-05-25,32910.0
2023-05-26,32840.0
2023-05-29,32790.0
2023-05-30,32860.0
2023-05-31,33000.0
2023-06-01,33050.0
2023-06-02,33140.0
2023-06-06,33060.0
2023-06-07,33070.0
2023-06-08,32850.0
2023-06-09,32920.0
2023-06-12,32920.0
2023-06-13,32830.0
2023-06-14,32760.0
2023-06-15,32610.0
2023-06-16,32930.0
2023-06-19,32870.0
2023-06-20,32800.0
2023-06-21,32620.0
2023-06-22,32730.0
2023-06-23,32710.0
2023-06-26,32910.0
2023-06-27,32980.0
2023-06-28,32960.0
2023-06-29,32970.0
2023-06-30,32820.0
2023-07-03,32760.0
2023-07-04,32690.0
2023-07-05,32670.0
2023-07-06,32640.0
2023-07-07,32700.0
2023-07-10,32800.0
2023-07-11,32740.0
2023-07-12,32770.0
2023-07-13,32850.0
2023-07-14,32860.0
2023-07-17,32850.0
2023-07-18,32560.0
2023-07-19,32610.0
2023-07-20,32680.0
2023-07-21,32770.0
2023-07-24,32820.0
2023-07-25,32840.0
2023-07-26,32770.0
2023-07-27,32670.0
2023-07-31,32480.0
2023-08-02,32430.0
2023-08-03,32480.0
2023-08-04,32580.0
2023-08-07,32680.0
2023-08-08,32780.0
2023-08-09,32670.0
2023-08-10,32710.0
2023-08-11,32630.0
2023-08-15,32650.0
2023-08-16,32630.0
2023-08-17,32570.0
2023-08-18,32440.0
2023-08-21,32200.0
2023-08-22,32200.0
2023-08-23,32320.0
2023-08-24,32510.0
2023-08-25,32570.0
2023-08-28,32700.0
2023-08-29,32710.0
2023-08-30,33040.0
2023-08-31,33040.0
2023-09-01,33040.0
2023-09-04,33220.0
2023-09-05,33250.0
2023-09-06,33170.0
2023-09-07,33160.0
2023-09-08,33220.0
2023-09-11,33200.0
2023-09-12,33180.0
2023-09-13,33180.0
2023-09-14,33150.0
2023-09-15,33360.0
2023-09-18,33390.0
2023-09-19,33760.0
2023-09-20,33800.0
2023-09-21,33760.0
2023-09-22,33660.0
2023-09-25,33680.0
2023-09-26,33720.0
2023-09-27,33610.0
2023-09-28,33480.0
2023-09-29,33100.0
2023-10-02,32880.0
2023-10-03,32830.0
2023-10-04,32770.0
2023-10-05,32620.0
2023-10-06,32670.0
2023-10-09,33260.0
2023-10-10,33110.0
2023-10-11,32980.0
2023-10-12,33100.0
2023-10-16,33830.0
2023-10-17,34020.0
2023-10-18,34280.0
2023-10-19,34600.0
2023-10-20,35140.0
2023-10-24,34550.0
2023-10-25,34610.0
2023-10-26,34990.0
2023-10-27,34920.0
2023-10-30,34840.0
2023-10-31,34830.0
2023-11-01,34820.0
2023-11-02,34660.0
2023-11-03,34440.0
2023-11-06,34210.0
2023-11-07,33940.0
2023-11-08,33920.0
2023-11-09,33600.0
2023-11-10,34000.0
2023-11-13,33880.0
2023-11-14,34080.0
2023-11-15,33890.0
2023-11-16,33870.0
2023-11-17,33890.0
2023-11-20,33690.0
2023-11-21,33880.0
2023-11-22,34180.0
2023-11-23,34130.0
2023-11-24,34290.0
2023-11-27,34300.0
2023-11-28,34120.0
2023-11-29,34400.0
2023-11-30,34870.0
2023-12-01,34950.0
2023-12-04,35250.0
2023-12-06,34600.0
2023-12-07,34800.0
2023-12-08,34860.0
2023-12-12,34400.0
2023-12-13,34510.0
2023-12-14,34690.0
2023-12-15,34540.0
2023-12-18,34440.0
2023-12-19,34470.0
2023-12-20,34610.0
2023-12-21,34490.0
2023-12-22,34500.0
2023-12-25,34580.0
2023-12-26,34630.0
2023-12-27,34600.0
2023-12-28,34540.0
2024-01-02,34530.0
2024-01-03,34350.0
2024-01-04,34400.0
2024-01-05,34490.0
2024-01-08,34670.0
2024-01-09,34610.0
2024-01-10,34680.0
2024-01-11,34690.0
2024-01-12,34800.0
2024-01-15,34920.0
2024-01-16,35130.0
2024-01-17,34910.0
2024-01-18,34840.0
2024-01-19,35050.0
2024-01-22,35060.0
2024-01-23,35220.0
2024-01-24,35210.0
2024-01-25,35040.0
2024-01-26,35010.0
2024-01-29,35060.0
2024-01-30,35030.0
2024-01-31,35150.0
2024-02-01,35180.0
2024-02-02,35180.0
2024-02-05,35170.0
2024-02-06,35100.0
2024-02-07,35180.0
2024-02-08,35400.0
2024-02-09,35450.0
2024-02-12,35280.0
2024-02-13,35200.0
2024-02-14,35010.0
2024-02-15,35120.0
2024-02-16,35150.0
2024-02-19,35320.0
2024-02-20,35490.0
2024-02-21,35330.0
2024-02-22,35340.0
2024-02-23,35390.0
2024-02-27,35400.0
2024-02-28,35470.0
2024-02-29,35480.0
2024-03-01,35710.0
2024-03-04,36280.0
2024-03-05,36950.0
2024-03-06,36890.0
2024-03-07,37250.0
2024-03-08,37210.0
2024-03-11,37450.0
2024-03-12,37540.0
2024-03-13,37420.0
2024-03-14,37530.0
2024-03-15,37680.0
2024-03-18,37560.0
2024-03-19,37680.0
2024-03-20,37790.0
2024-03-21,38570.0
2024-03-22,38220.0
2024-03-25,38300.0
2024-03-26,38520.0
2024-03-27,38640.0
2024-03-28,38830.0
2024-03-29,39740.0
2024-04-01,39710.0
2024-04-02,40160.0
2024-04-03,40440.0
2024-04-04,40760.0
2024-04-05,40700.0
2024-04-09,41600.0
2024-04-10,41330.0
2024-04-11,41310.0
2024-04-17,42610.0
2024-04-18,42400.0
2024-04-19,42540.0
2024-04-22,42250.0
2024-04-23,41160.0
2024-04-24,41420.0
2024-04-25,41600.0
2024-04-26,41910.0
2024-04-29,41900.0
2024-04-30,41500.0
2024-05-02,41080.0
2024-05-03,40870.0
2024-05-07,41180.0
2024-05-08,41220.0
2024-05-09,41150.0
2024-05-10,41980.0
2024-05-13,41600.0
2024-05-14,41500.0
2024-05-15,41730.0
2024-05-16,41550.0
2024-05-17,41630.0
2024-05-20,42420.0
2024-05-21,42270.0
2024-05-23,41610.0
2024-05-24,41350.0
2024-05-27,41350.0
2024-05-28,41390.0
2024-05-29,41520.0
2024-05-30,41390.0
2024-05-31,41540.0
2024-06-04,41080.0
2024-06-05,41160.0
2024-06-06,41450.0
2024-06-07,41110.0
2024-06-10,40690.0
2024-06-11,40770.0
2024-06-12,40850.0
2024-06-13,40780.0
2024-06-14,41010.0
2024-06-17,41090.0
2024-06-18,40960.0
2024-06-19,41090.0
2024-06-20,41260.0
2024-06-21,41630.0
2024-06-24,41000.0
2024-06-25,41070.0
2024-06-26,40990.0
2024-06-27,40930.0
2024-06-28,41120.0
2024-07-01,41070.0
2024-07-02,41160.0
2024-07-03,41390.0
2024-07-04,41430.0
2024-07-05,41490.0
2024-07-08,41490.0
2024-07-09,41260.0
2024-07-10,41430.0
2024-07-11,41430.0
2024-07-12,41720.0
2024-07-15,41830.0
2024-07-16,42270.0
2024-07-17,42500.0
2024-07-18,42510.0
2024-07-19,42000.0
2024-07-23,41770.0
2024-07-24,41820.0
2024-07-25,41100.0
2024-07-26,41000.0
2024-07-30,41130.0
2024-07-31,41290.0
2024-08-01,41450.0
2024-08-02,41680.0
2024-08-05,40820.0
2024-08-06,40970.0
2024-08-07,40850.0
2024-08-08,40500.0
2024-08-09,40840.0
2024-08-13,41360.0
2024-08-14,41280.0
2024-08-15,41050.0
2024-08-16,41240.0
2024-08-19,41190.0
2024-08-20,41190.0
2024-08-21,41070.0
2024-08-22,41100.0
2024-08-23,40900.0
2024-08-26,40920.0
2024-08-27,41270.0
2024-08-28,41180.0
2024-08-29,41270.0
2024-08-30,41270.0
2024-09-02,41270.0
2024-09-03,41340.0
2024-09-04,40980.0
2024-09-05,40830.0
2024-09-06,40700.0
2024-09-09,40860.0
2024-09-10,40750.0
2024-09-11,40900.0
2024-09-12,40950.0
2024-09-13,41270.0
2024-09-16,41360.0
2024-09-17,41310.0
2024-09-18,41190.0
2024-09-19,41330.0
2024-09-20,41480.0
2024-09-23,41630.0
2024-09-24,41640.0
2024-09-25,41840.0
2024-09-26,41850.0
2024-09-27,41850.0
2024-09-30,41050.0
2024-10-01,41500.0
2024-10-02,41810.0
2024-10-03,42160.0
2024-10-04,42260.0
2024-10-07,42730.0
2024-10-08,42520.0
2024-10-09,42090.0
2024-10-10,42240.0
2024-10-11,42300.0
2024-10-15,42550.0
2024-10-16,42780.0
2024-10-17,42770.0
2024-10-18,43170.0
2024-10-21,43960.0
2024-10-22,43970.0
2024-10-24,44260.0
2024-10-25,44170.0
2024-10-28,44420.0
2024-10-29,44640.0
2024-10-30,45050.0
2024-10-31,44990.0
2024-11-01,44780.0
2024-11-04,44420.0
2024-11-05,44190.0
2024-11-06,44660.0
2024-11-07,43810.0
2024-11-08,43950.0
2024-11-11,43980.0
2024-11-12,43340.0
2024-11-13,43420.0
2024-11-14,42780.0
2024-11-15,42880.0
2024-11-18,43320.0
2024-11-19,43640.0
2024-11-20,43640.0
2024-11-21,44250.0
2024-11-22,44770.0
2024-11-25,44350.0
2024-11-26,43620.0
2024-11-27,43860.0
2024-11-28,43620.0
2024-11-29,43670.0
2024-12-02,43480.0
2024-12-03,43530.0
2024-12-04,43400.0
2024-12-06,43020.0
2024-12-09,42940.0
2024-12-11,43670.0
2024-12-12,43950.0
2024-12-13,43580.0
2024-12-16,43290.0
2024-12-17,43190.0
2024-12-18,43330.0
2024-12-19,43270.0
2024-12-20,42970.0
2024-12-23,42960.0
2024-12-24,42690.0
2024-12-25,42770.0
2024-12-26,43040.0
2024-12-27,42810.0
2024-12-30,42620.0
2025-01-02,43110.0
2025-01-03,43690.0
2025-01-06,43550.0
2025-01-07,43500.0
2025-01-08,43840.0
2025-01-09,44080.0
2025-01-10,44230.0
2025-01-13,44590.0
2025-01-14,44230.0
2025-01-15,44460.0
2025-01-16,44410.0
2025-01-17,44410.0
2025-01-20,44160.0
2025-01-21,44160.0
2025-01-22,44380.0
2025-01-23,44380.0
2025-01-24,44380.0
2025-01-27,44320.0
2025-01-28,44210.0
2025-01-29,44330.0
2025-01-30,44450.0
2025-01-31,44680.0
2025-02-03,45230.0
2025-02-04,45340.0
